"LOCATION","INDICATOR","SUBJECT","MEASURE","FREQUENCY","TIME","Value","Flag Codes"
"AUS","PPP","TOT","NATUSD","A","2000",1.311113,
"AUS","PPP","TOT","NATUSD","A","2001",1.328591,
"AUS","PPP","TOT","NATUSD","A","2002",1.33649,
"AUS","PPP","TOT","NATUSD","A","2003",1.355785,
"AUS","PPP","TOT","NATUSD","A","2004",1.365561,
"AUS","PPP","TOT","NATUSD","A","2005",1.388356,
"AUS","PPP","TOT","NATUSD","A","2006",1.403273,
"AUS","PPP","TOT","NATUSD","A","2007",1.426976,
"AUS","PPP","TOT","NATUSD","A","2008",1.479073,
"AUS","PPP","TOT","NATUSD","A","2009",1.441513,
"AUS","PPP","TOT","NATUSD","A","2010",1.501886,
"AUS","PPP","TOT","NATUSD","A","2011",1.511052,
"AUS","PPP","TOT","NATUSD","A","2012",1.540115,
"AUS","PPP","TOT","NATUSD","A","2013",1.447123,
"AUS","PPP","TOT","NATUSD","A","2014",1.452489,
"AUS","PPP","TOT","NATUSD","A","2015",1.474079,
"AUS","PPP","TOT","NATUSD","A","2016",1.451201,
"AUS","PPP","TOT","NATUSD","A","2017",1.444458,
"AUS","PPP","TOT","NATUSD","A","2018",1.432694,
"AUT","PPP","TOT","NATUSD","A","2000",0.907495,
"AUT","PPP","TOT","NATUSD","A","2001",0.922782,
"AUT","PPP","TOT","NATUSD","A","2002",0.899797,
"AUT","PPP","TOT","NATUSD","A","2003",0.889153,
"AUT","PPP","TOT","NATUSD","A","2004",0.878879,
"AUT","PPP","TOT","NATUSD","A","2005",0.881939,
"AUT","PPP","TOT","NATUSD","A","2006",0.860918,
"AUT","PPP","TOT","NATUSD","A","2007",0.869018,
"AUT","PPP","TOT","NATUSD","A","2008",0.854424,
"AUT","PPP","TOT","NATUSD","A","2009",0.843558,
"AUT","PPP","TOT","NATUSD","A","2010",0.842258,
"AUT","PPP","TOT","NATUSD","A","2011",0.831374,
"AUT","PPP","TOT","NATUSD","A","2012",0.813648,
"AUT","PPP","TOT","NATUSD","A","2013",0.797081,
"AUT","PPP","TOT","NATUSD","A","2014",0.798797,
"AUT","PPP","TOT","NATUSD","A","2015",0.798599,
"AUT","PPP","TOT","NATUSD","A","2016",0.789364,
"AUT","PPP","TOT","NATUSD","A","2017",0.780367,
"AUT","PPP","TOT","NATUSD","A","2018",0.786189,
"BEL","PPP","TOT","NATUSD","A","2000",0.899989,
"BEL","PPP","TOT","NATUSD","A","2001",0.892256,
"BEL","PPP","TOT","NATUSD","A","2002",0.8733,
"BEL","PPP","TOT","NATUSD","A","2003",0.877084,
"BEL","PPP","TOT","NATUSD","A","2004",0.889136,
"BEL","PPP","TOT","NATUSD","A","2005",0.891788,
"BEL","PPP","TOT","NATUSD","A","2006",0.875177,
"BEL","PPP","TOT","NATUSD","A","2007",0.879823,
"BEL","PPP","TOT","NATUSD","A","2008",0.86694,
"BEL","PPP","TOT","NATUSD","A","2009",0.849935,
"BEL","PPP","TOT","NATUSD","A","2010",0.836639,
"BEL","PPP","TOT","NATUSD","A","2011",0.831911,
"BEL","PPP","TOT","NATUSD","A","2012",0.822137,
"BEL","PPP","TOT","NATUSD","A","2013",0.806166,
"BEL","PPP","TOT","NATUSD","A","2014",0.800214,
"BEL","PPP","TOT","NATUSD","A","2015",0.799784,
"BEL","PPP","TOT","NATUSD","A","2016",0.793648,
"BEL","PPP","TOT","NATUSD","A","2017",0.781355,
"BEL","PPP","TOT","NATUSD","A","2018",0.783091,
"CAN","PPP","TOT","NATUSD","A","2000",1.22757,
"CAN","PPP","TOT","NATUSD","A","2001",1.221141,
"CAN","PPP","TOT","NATUSD","A","2002",1.229333,
"CAN","PPP","TOT","NATUSD","A","2003",1.226125,
"CAN","PPP","TOT","NATUSD","A","2004",1.233146,
"CAN","PPP","TOT","NATUSD","A","2005",1.213644,
"CAN","PPP","TOT","NATUSD","A","2006",1.205655,
"CAN","PPP","TOT","NATUSD","A","2007",1.213081,
"CAN","PPP","TOT","NATUSD","A","2008",1.23439,
"CAN","PPP","TOT","NATUSD","A","2009",1.20131,
"CAN","PPP","TOT","NATUSD","A","2010",1.221601,
"CAN","PPP","TOT","NATUSD","A","2011",1.239904,
"CAN","PPP","TOT","NATUSD","A","2012",1.244607,
"CAN","PPP","TOT","NATUSD","A","2013",1.224,
"CAN","PPP","TOT","NATUSD","A","2014",1.230358,
"CAN","PPP","TOT","NATUSD","A","2015",1.248004,
"CAN","PPP","TOT","NATUSD","A","2016",1.245164,
"CAN","PPP","TOT","NATUSD","A","2017",1.252006,
"CAN","PPP","TOT","NATUSD","A","2018",1.244715,
"CZE","PPP","TOT","NATUSD","A","2000",14.330436,
"CZE","PPP","TOT","NATUSD","A","2001",14.320313,
"CZE","PPP","TOT","NATUSD","A","2002",14.458321,
"CZE","PPP","TOT","NATUSD","A","2003",14.191736,
"CZE","PPP","TOT","NATUSD","A","2004",14.439285,
"CZE","PPP","TOT","NATUSD","A","2005",14.562493,
"CZE","PPP","TOT","NATUSD","A","2006",14.429523,
"CZE","PPP","TOT","NATUSD","A","2007",14.272567,
"CZE","PPP","TOT","NATUSD","A","2008",13.916713,
"CZE","PPP","TOT","NATUSD","A","2009",13.635638,
"CZE","PPP","TOT","NATUSD","A","2010",13.673097,
"CZE","PPP","TOT","NATUSD","A","2011",13.345305,
"CZE","PPP","TOT","NATUSD","A","2012",13.297699,
"CZE","PPP","TOT","NATUSD","A","2013",12.785271,
"CZE","PPP","TOT","NATUSD","A","2014",12.70321,
"CZE","PPP","TOT","NATUSD","A","2015",12.934509,
"CZE","PPP","TOT","NATUSD","A","2016",12.808315,
"CZE","PPP","TOT","NATUSD","A","2017",12.530576,
"CZE","PPP","TOT","NATUSD","A","2018",12.618271,
"DNK","PPP","TOT","NATUSD","A","2000",8.670098,
"DNK","PPP","TOT","NATUSD","A","2001",8.69077,
"DNK","PPP","TOT","NATUSD","A","2002",8.561606,
"DNK","PPP","TOT","NATUSD","A","2003",8.657446,
"DNK","PPP","TOT","NATUSD","A","2004",8.467542,
"DNK","PPP","TOT","NATUSD","A","2005",8.569438,
"DNK","PPP","TOT","NATUSD","A","2006",8.295715,
"DNK","PPP","TOT","NATUSD","A","2007",8.170339,
"DNK","PPP","TOT","NATUSD","A","2008",7.944128,
"DNK","PPP","TOT","NATUSD","A","2009",7.729549,
"DNK","PPP","TOT","NATUSD","A","2010",7.591444,
"DNK","PPP","TOT","NATUSD","A","2011",7.466492,
"DNK","PPP","TOT","NATUSD","A","2012",7.564136,
"DNK","PPP","TOT","NATUSD","A","2013",7.354846,
"DNK","PPP","TOT","NATUSD","A","2014",7.328674,
"DNK","PPP","TOT","NATUSD","A","2015",7.303397,
"DNK","PPP","TOT","NATUSD","A","2016",7.232726,
"DNK","PPP","TOT","NATUSD","A","2017",6.950601,
"DNK","PPP","TOT","NATUSD","A","2018",6.958792,
"FIN","PPP","TOT","NATUSD","A","2000",0.983987,
"FIN","PPP","TOT","NATUSD","A","2001",1.002519,
"FIN","PPP","TOT","NATUSD","A","2002",0.998133,
"FIN","PPP","TOT","NATUSD","A","2003",1.003113,
"FIN","PPP","TOT","NATUSD","A","2004",0.974098,
"FIN","PPP","TOT","NATUSD","A","2005",0.979424,
"FIN","PPP","TOT","NATUSD","A","2006",0.953853,
"FIN","PPP","TOT","NATUSD","A","2007",0.93572,
"FIN","PPP","TOT","NATUSD","A","2008",0.912125,
"FIN","PPP","TOT","NATUSD","A","2009",0.896318,
"FIN","PPP","TOT","NATUSD","A","2010",0.900548,
"FIN","PPP","TOT","NATUSD","A","2011",0.898068,
"FIN","PPP","TOT","NATUSD","A","2012",0.908495,
"FIN","PPP","TOT","NATUSD","A","2013",0.905357,
"FIN","PPP","TOT","NATUSD","A","2014",0.90721,
"FIN","PPP","TOT","NATUSD","A","2015",0.907504,
"FIN","PPP","TOT","NATUSD","A","2016",0.899145,
"FIN","PPP","TOT","NATUSD","A","2017",0.877078,
"FIN","PPP","TOT","NATUSD","A","2018",0.877552,
"FRA","PPP","TOT","NATUSD","A","2000",0.93024,
"FRA","PPP","TOT","NATUSD","A","2001",0.911567,
"FRA","PPP","TOT","NATUSD","A","2002",0.900678,
"FRA","PPP","TOT","NATUSD","A","2003",0.930925,
"FRA","PPP","TOT","NATUSD","A","2004",0.935979,
"FRA","PPP","TOT","NATUSD","A","2005",0.916458,
"FRA","PPP","TOT","NATUSD","A","2006",0.895617,
"FRA","PPP","TOT","NATUSD","A","2007",0.889631,
"FRA","PPP","TOT","NATUSD","A","2008",0.881874,
"FRA","PPP","TOT","NATUSD","A","2009",0.862789,
"FRA","PPP","TOT","NATUSD","A","2010",0.8547,
"FRA","PPP","TOT","NATUSD","A","2011",0.841361,
"FRA","PPP","TOT","NATUSD","A","2012",0.844301,
"FRA","PPP","TOT","NATUSD","A","2013",0.811643,
"FRA","PPP","TOT","NATUSD","A","2014",0.807565,
"FRA","PPP","TOT","NATUSD","A","2015",0.808478,
"FRA","PPP","TOT","NATUSD","A","2016",0.794704,
"FRA","PPP","TOT","NATUSD","A","2017",0.775574,
"FRA","PPP","TOT","NATUSD","A","2018",0.774715,
"DEU","PPP","TOT","NATUSD","A","2000",0.943081,
"DEU","PPP","TOT","NATUSD","A","2001",0.929579,
"DEU","PPP","TOT","NATUSD","A","2002",0.913257,
"DEU","PPP","TOT","NATUSD","A","2003",0.89693,
"DEU","PPP","TOT","NATUSD","A","2004",0.875861,
"DEU","PPP","TOT","NATUSD","A","2005",0.872721,
"DEU","PPP","TOT","NATUSD","A","2006",0.848455,
"DEU","PPP","TOT","NATUSD","A","2007",0.838113,
"DEU","PPP","TOT","NATUSD","A","2008",0.820401,
"DEU","PPP","TOT","NATUSD","A","2009",0.81094,
"DEU","PPP","TOT","NATUSD","A","2010",0.805105,
"DEU","PPP","TOT","NATUSD","A","2011",0.788739,
"DEU","PPP","TOT","NATUSD","A","2012",0.787246,
"DEU","PPP","TOT","NATUSD","A","2013",0.774784,
"DEU","PPP","TOT","NATUSD","A","2014",0.768937,
"DEU","PPP","TOT","NATUSD","A","2015",0.777913,
"DEU","PPP","TOT","NATUSD","A","2016",0.768617,
"DEU","PPP","TOT","NATUSD","A","2017",0.754169,
"DEU","PPP","TOT","NATUSD","A","2018",0.759849,
"GRC","PPP","TOT","NATUSD","A","2000",0.66968,
"GRC","PPP","TOT","NATUSD","A","2001",0.66837,
"GRC","PPP","TOT","NATUSD","A","2002",0.662967,
"GRC","PPP","TOT","NATUSD","A","2003",0.685841,
"GRC","PPP","TOT","NATUSD","A","2004",0.695147,
"GRC","PPP","TOT","NATUSD","A","2005",0.708976,
"GRC","PPP","TOT","NATUSD","A","2006",0.693174,
"GRC","PPP","TOT","NATUSD","A","2007",0.719012,
"GRC","PPP","TOT","NATUSD","A","2008",0.707951,
"GRC","PPP","TOT","NATUSD","A","2009",0.704287,
"GRC","PPP","TOT","NATUSD","A","2010",0.722034,
"GRC","PPP","TOT","NATUSD","A","2011",0.713163,
"GRC","PPP","TOT","NATUSD","A","2012",0.684663,
"GRC","PPP","TOT","NATUSD","A","2013",0.631286,
"GRC","PPP","TOT","NATUSD","A","2014",0.611135,
"GRC","PPP","TOT","NATUSD","A","2015",0.608907,
"GRC","PPP","TOT","NATUSD","A","2016",0.600497,
"GRC","PPP","TOT","NATUSD","A","2017",0.586328,
"GRC","PPP","TOT","NATUSD","A","2018",0.581858,
"HUN","PPP","TOT","NATUSD","A","2000",110.071356,
"HUN","PPP","TOT","NATUSD","A","2001",114.392388,
"HUN","PPP","TOT","NATUSD","A","2002",118.141282,
"HUN","PPP","TOT","NATUSD","A","2003",122.1475,
"HUN","PPP","TOT","NATUSD","A","2004",128.499086,
"HUN","PPP","TOT","NATUSD","A","2005",130.929945,
"HUN","PPP","TOT","NATUSD","A","2006",131.627096,
"HUN","PPP","TOT","NATUSD","A","2007",134.196467,
"HUN","PPP","TOT","NATUSD","A","2008",131.005355,
"HUN","PPP","TOT","NATUSD","A","2009",127.664108,
"HUN","PPP","TOT","NATUSD","A","2010",126.420729,
"HUN","PPP","TOT","NATUSD","A","2011",124.271836,
"HUN","PPP","TOT","NATUSD","A","2012",125.623608,
"HUN","PPP","TOT","NATUSD","A","2013",124.979432,
"HUN","PPP","TOT","NATUSD","A","2014",129.414974,
"HUN","PPP","TOT","NATUSD","A","2015",132.517954,
"HUN","PPP","TOT","NATUSD","A","2016",134.615415,
"HUN","PPP","TOT","NATUSD","A","2017",136.068883,
"HUN","PPP","TOT","NATUSD","A","2018",140.411713,
"ISL","PPP","TOT","NATUSD","A","2000",84.721822,
"ISL","PPP","TOT","NATUSD","A","2001",88.284061,
"ISL","PPP","TOT","NATUSD","A","2002",91.105413,
"ISL","PPP","TOT","NATUSD","A","2003",92.710898,
"ISL","PPP","TOT","NATUSD","A","2004",93.371814,
"ISL","PPP","TOT","NATUSD","A","2005",95.840665,
"ISL","PPP","TOT","NATUSD","A","2006",101.738314,
"ISL","PPP","TOT","NATUSD","A","2007",107.464672,
"ISL","PPP","TOT","NATUSD","A","2008",114.527003,
"ISL","PPP","TOT","NATUSD","A","2009",121.950919,
"ISL","PPP","TOT","NATUSD","A","2010",132.891539,
"ISL","PPP","TOT","NATUSD","A","2011",135.152004,
"ISL","PPP","TOT","NATUSD","A","2012",136.96767,
"ISL","PPP","TOT","NATUSD","A","2013",137.022617,
"ISL","PPP","TOT","NATUSD","A","2014",138.547869,
"ISL","PPP","TOT","NATUSD","A","2015",141.936844,
"ISL","PPP","TOT","NATUSD","A","2016",141.893267,
"ISL","PPP","TOT","NATUSD","A","2017",137.725092,
"ISL","PPP","TOT","NATUSD","A","2018",138.327878,
"IRL","PPP","TOT","NATUSD","A","2000",0.943818,
"IRL","PPP","TOT","NATUSD","A","2001",0.969225,
"IRL","PPP","TOT","NATUSD","A","2002",0.981997,
"IRL","PPP","TOT","NATUSD","A","2003",1.005049,
"IRL","PPP","TOT","NATUSD","A","2004",0.992056,
"IRL","PPP","TOT","NATUSD","A","2005",1.011707,
"IRL","PPP","TOT","NATUSD","A","2006",0.979248,
"IRL","PPP","TOT","NATUSD","A","2007",0.958719,
"IRL","PPP","TOT","NATUSD","A","2008",0.944447,
"IRL","PPP","TOT","NATUSD","A","2009",0.901099,
"IRL","PPP","TOT","NATUSD","A","2010",0.84957,
"IRL","PPP","TOT","NATUSD","A","2011",0.831513,
"IRL","PPP","TOT","NATUSD","A","2012",0.823072,
"IRL","PPP","TOT","NATUSD","A","2013",0.811228,
"IRL","PPP","TOT","NATUSD","A","2014",0.819041,
"IRL","PPP","TOT","NATUSD","A","2015",0.809469,
"IRL","PPP","TOT","NATUSD","A","2016",0.810133,
"IRL","PPP","TOT","NATUSD","A","2017",0.796521,
"IRL","PPP","TOT","NATUSD","A","2018",0.802416,
"ITA","PPP","TOT","NATUSD","A","2000",0.805249,
"ITA","PPP","TOT","NATUSD","A","2001",0.816175,
"ITA","PPP","TOT","NATUSD","A","2002",0.823489,
"ITA","PPP","TOT","NATUSD","A","2003",0.834388,
"ITA","PPP","TOT","NATUSD","A","2004",0.85264,
"ITA","PPP","TOT","NATUSD","A","2005",0.855139,
"ITA","PPP","TOT","NATUSD","A","2006",0.823696,
"ITA","PPP","TOT","NATUSD","A","2007",0.810164,
"ITA","PPP","TOT","NATUSD","A","2008",0.783694,
"ITA","PPP","TOT","NATUSD","A","2009",0.771164,
"ITA","PPP","TOT","NATUSD","A","2010",0.77319,
"ITA","PPP","TOT","NATUSD","A","2011",0.758687,
"ITA","PPP","TOT","NATUSD","A","2012",0.747731,
"ITA","PPP","TOT","NATUSD","A","2013",0.737299,
"ITA","PPP","TOT","NATUSD","A","2014",0.739644,
"ITA","PPP","TOT","NATUSD","A","2015",0.738495,
"ITA","PPP","TOT","NATUSD","A","2016",0.713846,
"ITA","PPP","TOT","NATUSD","A","2017",0.69628,
"ITA","PPP","TOT","NATUSD","A","2018",0.698384,
"JPN","PPP","TOT","NATUSD","A","2000",154.717851,
"JPN","PPP","TOT","NATUSD","A","2001",149.724877,
"JPN","PPP","TOT","NATUSD","A","2002",143.774205,
"JPN","PPP","TOT","NATUSD","A","2003",139.516091,
"JPN","PPP","TOT","NATUSD","A","2004",134.363065,
"JPN","PPP","TOT","NATUSD","A","2005",129.551955,
"JPN","PPP","TOT","NATUSD","A","2006",124.536829,
"JPN","PPP","TOT","NATUSD","A","2007",120.394201,
"JPN","PPP","TOT","NATUSD","A","2008",116.845814,
"JPN","PPP","TOT","NATUSD","A","2009",115.150067,
"JPN","PPP","TOT","NATUSD","A","2010",111.666587,
"JPN","PPP","TOT","NATUSD","A","2011",107.454281,
"JPN","PPP","TOT","NATUSD","A","2012",104.273972,
"JPN","PPP","TOT","NATUSD","A","2013",101.302673,
"JPN","PPP","TOT","NATUSD","A","2014",103.052076,
"JPN","PPP","TOT","NATUSD","A","2015",103.449739,
"JPN","PPP","TOT","NATUSD","A","2016",102.644578,
"JPN","PPP","TOT","NATUSD","A","2017",102.470366,
"JPN","PPP","TOT","NATUSD","A","2018",101.373359,
"KOR","PPP","TOT","NATUSD","A","2000",747.23596,
"KOR","PPP","TOT","NATUSD","A","2001",757.889612,
"KOR","PPP","TOT","NATUSD","A","2002",769.77179,
"KOR","PPP","TOT","NATUSD","A","2003",792.077217,
"KOR","PPP","TOT","NATUSD","A","2004",794.328703,
"KOR","PPP","TOT","NATUSD","A","2005",788.920135,
"KOR","PPP","TOT","NATUSD","A","2006",772.396454,
"KOR","PPP","TOT","NATUSD","A","2007",770.22206,
"KOR","PPP","TOT","NATUSD","A","2008",785.717886,
"KOR","PPP","TOT","NATUSD","A","2009",824.618828,
"KOR","PPP","TOT","NATUSD","A","2010",840.890196,
"KOR","PPP","TOT","NATUSD","A","2011",854.585723,
"KOR","PPP","TOT","NATUSD","A","2012",854.887268,
"KOR","PPP","TOT","NATUSD","A","2013",869.081422,
"KOR","PPP","TOT","NATUSD","A","2014",871.878106,
"KOR","PPP","TOT","NATUSD","A","2015",857.368025,
"KOR","PPP","TOT","NATUSD","A","2016",862.549513,
"KOR","PPP","TOT","NATUSD","A","2017",866.009087,
"KOR","PPP","TOT","NATUSD","A","2018",860.508185,
"LUX","PPP","TOT","NATUSD","A","2000",0.95572,
"LUX","PPP","TOT","NATUSD","A","2001",0.963247,
"LUX","PPP","TOT","NATUSD","A","2002",0.956996,
"LUX","PPP","TOT","NATUSD","A","2003",0.965785,
"LUX","PPP","TOT","NATUSD","A","2004",0.952076,
"LUX","PPP","TOT","NATUSD","A","2005",0.946363,
"LUX","PPP","TOT","NATUSD","A","2006",0.917643,
"LUX","PPP","TOT","NATUSD","A","2007",0.922309,
"LUX","PPP","TOT","NATUSD","A","2008",0.900045,
"LUX","PPP","TOT","NATUSD","A","2009",0.90282,
"LUX","PPP","TOT","NATUSD","A","2010",0.925712,
"LUX","PPP","TOT","NATUSD","A","2011",0.905099,
"LUX","PPP","TOT","NATUSD","A","2012",0.90679,
"LUX","PPP","TOT","NATUSD","A","2013",0.895254,
"LUX","PPP","TOT","NATUSD","A","2014",0.884138,
"LUX","PPP","TOT","NATUSD","A","2015",0.881025,
"LUX","PPP","TOT","NATUSD","A","2016",0.871545,
"LUX","PPP","TOT","NATUSD","A","2017",0.861496,
"LUX","PPP","TOT","NATUSD","A","2018",0.871872,
"MEX","PPP","TOT","NATUSD","A","2000",6.103027,
"MEX","PPP","TOT","NATUSD","A","2001",6.332835,
"MEX","PPP","TOT","NATUSD","A","2002",6.553697,
"MEX","PPP","TOT","NATUSD","A","2003",6.648073,
"MEX","PPP","TOT","NATUSD","A","2004",6.989209,
"MEX","PPP","TOT","NATUSD","A","2005",7.126862,
"MEX","PPP","TOT","NATUSD","A","2006",7.157871,
"MEX","PPP","TOT","NATUSD","A","2007",7.374153,
"MEX","PPP","TOT","NATUSD","A","2008",7.469532,
"MEX","PPP","TOT","NATUSD","A","2009",7.428654,
"MEX","PPP","TOT","NATUSD","A","2010",7.676843,
"MEX","PPP","TOT","NATUSD","A","2011",7.673013,
"MEX","PPP","TOT","NATUSD","A","2012",7.858708,
"MEX","PPP","TOT","NATUSD","A","2013",7.884359,
"MEX","PPP","TOT","NATUSD","A","2014",8.045318,
"MEX","PPP","TOT","NATUSD","A","2015",8.325895,
"MEX","PPP","TOT","NATUSD","A","2016",8.684357,
"MEX","PPP","TOT","NATUSD","A","2017",9.040807,
"MEX","PPP","TOT","NATUSD","A","2018",9.3808,
"NLD","PPP","TOT","NATUSD","A","2000",0.890427,
"NLD","PPP","TOT","NATUSD","A","2001",0.904707,
"NLD","PPP","TOT","NATUSD","A","2002",0.900863,
"NLD","PPP","TOT","NATUSD","A","2003",0.926529,
"NLD","PPP","TOT","NATUSD","A","2004",0.908621,
"NLD","PPP","TOT","NATUSD","A","2005",0.897139,
"NLD","PPP","TOT","NATUSD","A","2006",0.872821,
"NLD","PPP","TOT","NATUSD","A","2007",0.861031,
"NLD","PPP","TOT","NATUSD","A","2008",0.847775,
"NLD","PPP","TOT","NATUSD","A","2009",0.84817,
"NLD","PPP","TOT","NATUSD","A","2010",0.854114,
"NLD","PPP","TOT","NATUSD","A","2011",0.836065,
"NLD","PPP","TOT","NATUSD","A","2012",0.824408,
"NLD","PPP","TOT","NATUSD","A","2013",0.798166,
"NLD","PPP","TOT","NATUSD","A","2014",0.808798,
"NLD","PPP","TOT","NATUSD","A","2015",0.809761,
"NLD","PPP","TOT","NATUSD","A","2016",0.810165,
"NLD","PPP","TOT","NATUSD","A","2017",0.790553,
"NLD","PPP","TOT","NATUSD","A","2018",0.797481,
"NZL","PPP","TOT","NATUSD","A","2000",1.443421,
"NZL","PPP","TOT","NATUSD","A","2001",1.474143,
"NZL","PPP","TOT","NATUSD","A","2002",1.468962,
"NZL","PPP","TOT","NATUSD","A","2003",1.497095,
"NZL","PPP","TOT","NATUSD","A","2004",1.507651,
"NZL","PPP","TOT","NATUSD","A","2005",1.535,
"NZL","PPP","TOT","NATUSD","A","2006",1.481721,
"NZL","PPP","TOT","NATUSD","A","2007",1.505364,
"NZL","PPP","TOT","NATUSD","A","2008",1.490709,
"NZL","PPP","TOT","NATUSD","A","2009",1.470614,
"NZL","PPP","TOT","NATUSD","A","2010",1.496139,
"NZL","PPP","TOT","NATUSD","A","2011",1.485915,
"NZL","PPP","TOT","NATUSD","A","2012",1.495622,
"NZL","PPP","TOT","NATUSD","A","2013",1.445979,
"NZL","PPP","TOT","NATUSD","A","2014",1.44073,
"NZL","PPP","TOT","NATUSD","A","2015",1.475468,
"NZL","PPP","TOT","NATUSD","A","2016",1.46973,
"NZL","PPP","TOT","NATUSD","A","2017",1.470805,
"NZL","PPP","TOT","NATUSD","A","2018",1.478386,
"NOR","PPP","TOT","NATUSD","A","2000",9.085299,
"NOR","PPP","TOT","NATUSD","A","2001",9.173203,
"NOR","PPP","TOT","NATUSD","A","2002",9.05673,
"NOR","PPP","TOT","NATUSD","A","2003",9.207685,
"NOR","PPP","TOT","NATUSD","A","2004",9.133973,
"NOR","PPP","TOT","NATUSD","A","2005",9.005204,
"NOR","PPP","TOT","NATUSD","A","2006",8.789237,
"NOR","PPP","TOT","NATUSD","A","2007",8.93157,
"NOR","PPP","TOT","NATUSD","A","2008",8.859281,
"NOR","PPP","TOT","NATUSD","A","2009",9.08205,
"NOR","PPP","TOT","NATUSD","A","2010",9.151959,
"NOR","PPP","TOT","NATUSD","A","2011",9.082736,
"NOR","PPP","TOT","NATUSD","A","2012",9.037085,
"NOR","PPP","TOT","NATUSD","A","2013",9.029349,
"NOR","PPP","TOT","NATUSD","A","2014",9.278458,
"NOR","PPP","TOT","NATUSD","A","2015",9.929852,
"NOR","PPP","TOT","NATUSD","A","2016",10.249825,
"NOR","PPP","TOT","NATUSD","A","2017",10.070307,
"NOR","PPP","TOT","NATUSD","A","2018",10.141916,
"POL","PPP","TOT","NATUSD","A","2000",1.832912,
"POL","PPP","TOT","NATUSD","A","2001",1.836838,
"POL","PPP","TOT","NATUSD","A","2002",1.799795,
"POL","PPP","TOT","NATUSD","A","2003",1.806466,
"POL","PPP","TOT","NATUSD","A","2004",1.831714,
"POL","PPP","TOT","NATUSD","A","2005",1.867595,
"POL","PPP","TOT","NATUSD","A","2006",1.852374,
"POL","PPP","TOT","NATUSD","A","2007",1.855729,
"POL","PPP","TOT","NATUSD","A","2008",1.842243,
"POL","PPP","TOT","NATUSD","A","2009",1.868773,
"POL","PPP","TOT","NATUSD","A","2010",1.804959,
"POL","PPP","TOT","NATUSD","A","2011",1.801424,
"POL","PPP","TOT","NATUSD","A","2012",1.796168,
"POL","PPP","TOT","NATUSD","A","2013",1.762045,
"POL","PPP","TOT","NATUSD","A","2014",1.767142,
"POL","PPP","TOT","NATUSD","A","2015",1.764643,
"POL","PPP","TOT","NATUSD","A","2016",1.767247,
"POL","PPP","TOT","NATUSD","A","2017",1.750195,
"POL","PPP","TOT","NATUSD","A","2018",1.777337,
"PRT","PPP","TOT","NATUSD","A","2000",0.661024,
"PRT","PPP","TOT","NATUSD","A","2001",0.670773,
"PRT","PPP","TOT","NATUSD","A","2002",0.672081,
"PRT","PPP","TOT","NATUSD","A","2003",0.67054,
"PRT","PPP","TOT","NATUSD","A","2004",0.676763,
"PRT","PPP","TOT","NATUSD","A","2005",0.664259,
"PRT","PPP","TOT","NATUSD","A","2006",0.640821,
"PRT","PPP","TOT","NATUSD","A","2007",0.647442,
"PRT","PPP","TOT","NATUSD","A","2008",0.636148,
"PRT","PPP","TOT","NATUSD","A","2009",0.627201,
"PRT","PPP","TOT","NATUSD","A","2010",0.623172,
"PRT","PPP","TOT","NATUSD","A","2011",0.623083,
"PRT","PPP","TOT","NATUSD","A","2012",0.605398,
"PRT","PPP","TOT","NATUSD","A","2013",0.583607,
"PRT","PPP","TOT","NATUSD","A","2014",0.578868,
"PRT","PPP","TOT","NATUSD","A","2015",0.58479,
"PRT","PPP","TOT","NATUSD","A","2016",0.581801,
"PRT","PPP","TOT","NATUSD","A","2017",0.580383,
"PRT","PPP","TOT","NATUSD","A","2018",0.593464,
"SVK","PPP","TOT","NATUSD","A","2000",0.516379,
"SVK","PPP","TOT","NATUSD","A","2001",0.515609,
"SVK","PPP","TOT","NATUSD","A","2002",0.521518,
"SVK","PPP","TOT","NATUSD","A","2003",0.544951,
"SVK","PPP","TOT","NATUSD","A","2004",0.565003,
"SVK","PPP","TOT","NATUSD","A","2005",0.564715,
"SVK","PPP","TOT","NATUSD","A","2006",0.555172,
"SVK","PPP","TOT","NATUSD","A","2007",0.554298,
"SVK","PPP","TOT","NATUSD","A","2008",0.53743,
"SVK","PPP","TOT","NATUSD","A","2009",0.515457,
"SVK","PPP","TOT","NATUSD","A","2010",0.502126,
"SVK","PPP","TOT","NATUSD","A","2011",0.506407,
"SVK","PPP","TOT","NATUSD","A","2012",0.504542,
"SVK","PPP","TOT","NATUSD","A","2013",0.491124,
"SVK","PPP","TOT","NATUSD","A","2014",0.485412,
"SVK","PPP","TOT","NATUSD","A","2015",0.491417,
"SVK","PPP","TOT","NATUSD","A","2016",0.484094,
"SVK","PPP","TOT","NATUSD","A","2017",0.481903,
"SVK","PPP","TOT","NATUSD","A","2018",0.488244,
"ESP","PPP","TOT","NATUSD","A","2000",0.739768,
"ESP","PPP","TOT","NATUSD","A","2001",0.747427,
"ESP","PPP","TOT","NATUSD","A","2002",0.742312,
"ESP","PPP","TOT","NATUSD","A","2003",0.760106,
"ESP","PPP","TOT","NATUSD","A","2004",0.766594,
"ESP","PPP","TOT","NATUSD","A","2005",0.769508,
"ESP","PPP","TOT","NATUSD","A","2006",0.736761,
"ESP","PPP","TOT","NATUSD","A","2007",0.733118,
"ESP","PPP","TOT","NATUSD","A","2008",0.725862,
"ESP","PPP","TOT","NATUSD","A","2009",0.718533,
"ESP","PPP","TOT","NATUSD","A","2010",0.726982,
"ESP","PPP","TOT","NATUSD","A","2011",0.714129,
"ESP","PPP","TOT","NATUSD","A","2012",0.694976,
"ESP","PPP","TOT","NATUSD","A","2013",0.6748,
"ESP","PPP","TOT","NATUSD","A","2014",0.662359,
"ESP","PPP","TOT","NATUSD","A","2015",0.664562,
"ESP","PPP","TOT","NATUSD","A","2016",0.655507,
"ESP","PPP","TOT","NATUSD","A","2017",0.64123,
"ESP","PPP","TOT","NATUSD","A","2018",0.647854,
"SWE","PPP","TOT","NATUSD","A","2000",9.162983,
"SWE","PPP","TOT","NATUSD","A","2001",9.400293,
"SWE","PPP","TOT","NATUSD","A","2002",9.413655,
"SWE","PPP","TOT","NATUSD","A","2003",9.496502,
"SWE","PPP","TOT","NATUSD","A","2004",9.302779,
"SWE","PPP","TOT","NATUSD","A","2005",9.479182,
"SWE","PPP","TOT","NATUSD","A","2006",9.120924,
"SWE","PPP","TOT","NATUSD","A","2007",8.881488,
"SWE","PPP","TOT","NATUSD","A","2008",8.778986,
"SWE","PPP","TOT","NATUSD","A","2009",8.918912,
"SWE","PPP","TOT","NATUSD","A","2010",9.025343,
"SWE","PPP","TOT","NATUSD","A","2011",8.844042,
"SWE","PPP","TOT","NATUSD","A","2012",8.654768,
"SWE","PPP","TOT","NATUSD","A","2013",8.597681,
"SWE","PPP","TOT","NATUSD","A","2014",8.727131,
"SWE","PPP","TOT","NATUSD","A","2015",8.852008,
"SWE","PPP","TOT","NATUSD","A","2016",9.003919,
"SWE","PPP","TOT","NATUSD","A","2017",8.856307,
"SWE","PPP","TOT","NATUSD","A","2018",8.921145,
"CHE","PPP","TOT","NATUSD","A","2000",1.788639,
"CHE","PPP","TOT","NATUSD","A","2001",1.768404,
"CHE","PPP","TOT","NATUSD","A","2002",1.70976,
"CHE","PPP","TOT","NATUSD","A","2003",1.717151,
"CHE","PPP","TOT","NATUSD","A","2004",1.693349,
"CHE","PPP","TOT","NATUSD","A","2005",1.686548,
"CHE","PPP","TOT","NATUSD","A","2006",1.600508,
"CHE","PPP","TOT","NATUSD","A","2007",1.533614,
"CHE","PPP","TOT","NATUSD","A","2008",1.493049,
"CHE","PPP","TOT","NATUSD","A","2009",1.46976,
"CHE","PPP","TOT","NATUSD","A","2010",1.466179,
"CHE","PPP","TOT","NATUSD","A","2011",1.397498,
"CHE","PPP","TOT","NATUSD","A","2012",1.354072,
"CHE","PPP","TOT","NATUSD","A","2013",1.312477,
"CHE","PPP","TOT","NATUSD","A","2014",1.281761,
"CHE","PPP","TOT","NATUSD","A","2015",1.235456,
"CHE","PPP","TOT","NATUSD","A","2016",1.228178,
"CHE","PPP","TOT","NATUSD","A","2017",1.193124,
"CHE","PPP","TOT","NATUSD","A","2018",1.189601,
"TUR","PPP","TOT","NATUSD","A","2000",0.281591,
"TUR","PPP","TOT","NATUSD","A","2001",0.414898,
"TUR","PPP","TOT","NATUSD","A","2002",0.591251,
"TUR","PPP","TOT","NATUSD","A","2003",0.737363,
"TUR","PPP","TOT","NATUSD","A","2004",0.792895,
"TUR","PPP","TOT","NATUSD","A","2005",0.834589,
"TUR","PPP","TOT","NATUSD","A","2006",0.84268,
"TUR","PPP","TOT","NATUSD","A","2007",0.852133,
"TUR","PPP","TOT","NATUSD","A","2008",0.87996,
"TUR","PPP","TOT","NATUSD","A","2009",0.904443,
"TUR","PPP","TOT","NATUSD","A","2010",0.920383,
"TUR","PPP","TOT","NATUSD","A","2011",0.966176,
"TUR","PPP","TOT","NATUSD","A","2012",1.019856,
"TUR","PPP","TOT","NATUSD","A","2013",1.070294,
"TUR","PPP","TOT","NATUSD","A","2014",1.104504,
"TUR","PPP","TOT","NATUSD","A","2015",1.162141,
"TUR","PPP","TOT","NATUSD","A","2016",1.249671,
"TUR","PPP","TOT","NATUSD","A","2017",1.373961,
"TUR","PPP","TOT","NATUSD","A","2018",1.611856,
"GBR","PPP","TOT","NATUSD","A","2000",0.704514,
"GBR","PPP","TOT","NATUSD","A","2001",0.694392,
"GBR","PPP","TOT","NATUSD","A","2002",0.689877,
"GBR","PPP","TOT","NATUSD","A","2003",0.69665,
"GBR","PPP","TOT","NATUSD","A","2004",0.688467,
"GBR","PPP","TOT","NATUSD","A","2005",0.707619,
"GBR","PPP","TOT","NATUSD","A","2006",0.697211,
"GBR","PPP","TOT","NATUSD","A","2007",0.709924,
"GBR","PPP","TOT","NATUSD","A","2008",0.701691,
"GBR","PPP","TOT","NATUSD","A","2009",0.709928,
"GBR","PPP","TOT","NATUSD","A","2010",0.702299,
"GBR","PPP","TOT","NATUSD","A","2011",0.706052,
"GBR","PPP","TOT","NATUSD","A","2012",0.701634,
"GBR","PPP","TOT","NATUSD","A","2013",0.695248,
"GBR","PPP","TOT","NATUSD","A","2014",0.698444,
"GBR","PPP","TOT","NATUSD","A","2015",0.692365,
"GBR","PPP","TOT","NATUSD","A","2016",0.698632,
"GBR","PPP","TOT","NATUSD","A","2017",0.691089,
"GBR","PPP","TOT","NATUSD","A","2018",0.700184,
"USA","PPP","TOT","NATUSD","A","2000",1,
"USA","PPP","TOT","NATUSD","A","2001",1,
"USA","PPP","TOT","NATUSD","A","2002",1,
"USA","PPP","TOT","NATUSD","A","2003",1,
"USA","PPP","TOT","NATUSD","A","2004",1,
"USA","PPP","TOT","NATUSD","A","2005",1,
"USA","PPP","TOT","NATUSD","A","2006",1,
"USA","PPP","TOT","NATUSD","A","2007",1,
"USA","PPP","TOT","NATUSD","A","2008",1,
"USA","PPP","TOT","NATUSD","A","2009",1,
"USA","PPP","TOT","NATUSD","A","2010",1,
"USA","PPP","TOT","NATUSD","A","2011",1,
"USA","PPP","TOT","NATUSD","A","2012",1,
"USA","PPP","TOT","NATUSD","A","2013",1,
"USA","PPP","TOT","NATUSD","A","2014",1,
"USA","PPP","TOT","NATUSD","A","2015",1,
"USA","PPP","TOT","NATUSD","A","2016",1,
"USA","PPP","TOT","NATUSD","A","2017",1,
"USA","PPP","TOT","NATUSD","A","2018",1,
"BRA","PPP","TOT","NATUSD","A","2000",0.758987,
"BRA","PPP","TOT","NATUSD","A","2001",0.803168,
"BRA","PPP","TOT","NATUSD","A","2002",0.868525,
"BRA","PPP","TOT","NATUSD","A","2003",0.971546,
"BRA","PPP","TOT","NATUSD","A","2004",1.018802,
"BRA","PPP","TOT","NATUSD","A","2005",1.06045,
"BRA","PPP","TOT","NATUSD","A","2006",1.098588,
"BRA","PPP","TOT","NATUSD","A","2007",1.139115,
"BRA","PPP","TOT","NATUSD","A","2008",1.215313,
"BRA","PPP","TOT","NATUSD","A","2009",1.294364,
"BRA","PPP","TOT","NATUSD","A","2010",1.386284,
"BRA","PPP","TOT","NATUSD","A","2011",1.471075,
"BRA","PPP","TOT","NATUSD","A","2012",1.55902,
"BRA","PPP","TOT","NATUSD","A","2013",1.649293,
"BRA","PPP","TOT","NATUSD","A","2014",1.747275,
"BRA","PPP","TOT","NATUSD","A","2015",1.859391,
"BRA","PPP","TOT","NATUSD","A","2016",1.985496,
"BRA","PPP","TOT","NATUSD","A","2017",2.024346,
"BRA","PPP","TOT","NATUSD","A","2018",2.02855,
"CHL","PPP","TOT","NATUSD","A","2000",286.579744,
"CHL","PPP","TOT","NATUSD","A","2001",291.255853,
"CHL","PPP","TOT","NATUSD","A","2002",296.44643,
"CHL","PPP","TOT","NATUSD","A","2003",304.367803,
"CHL","PPP","TOT","NATUSD","A","2004",319.653389,
"CHL","PPP","TOT","NATUSD","A","2005",333.69,
"CHL","PPP","TOT","NATUSD","A","2006",318.574722,
"CHL","PPP","TOT","NATUSD","A","2007",323.878962,
"CHL","PPP","TOT","NATUSD","A","2008",340.400833,
"CHL","PPP","TOT","NATUSD","A","2009",354.325885,
"CHL","PPP","TOT","NATUSD","A","2010",359.83702,
"CHL","PPP","TOT","NATUSD","A","2011",348.016847,
"CHL","PPP","TOT","NATUSD","A","2012",347.228507,
"CHL","PPP","TOT","NATUSD","A","2013",349.680536,
"CHL","PPP","TOT","NATUSD","A","2014",367.213907,
"CHL","PPP","TOT","NATUSD","A","2015",391.360578,
"CHL","PPP","TOT","NATUSD","A","2016",406.873022,
"CHL","PPP","TOT","NATUSD","A","2017",402.358738,
"CHL","PPP","TOT","NATUSD","A","2018",404.847636,
"CHN","PPP","TOT","NATUSD","A","2000",2.707541,
"CHN","PPP","TOT","NATUSD","A","2001",2.701299,
"CHN","PPP","TOT","NATUSD","A","2002",2.676549,
"CHN","PPP","TOT","NATUSD","A","2003",2.692593,
"CHN","PPP","TOT","NATUSD","A","2004",2.802777,
"CHN","PPP","TOT","NATUSD","A","2005",2.821377,
"CHN","PPP","TOT","NATUSD","A","2006",2.844798,
"CHN","PPP","TOT","NATUSD","A","2007",2.987333,
"CHN","PPP","TOT","NATUSD","A","2008",3.159192,
"CHN","PPP","TOT","NATUSD","A","2009",3.131183,
"CHN","PPP","TOT","NATUSD","A","2010",3.308221,
"CHN","PPP","TOT","NATUSD","A","2011",3.505536,
"CHN","PPP","TOT","NATUSD","A","2012",3.524483,
"CHN","PPP","TOT","NATUSD","A","2013",3.545648,
"CHN","PPP","TOT","NATUSD","A","2014",3.511991,
"CHN","PPP","TOT","NATUSD","A","2015",3.477557,
"CHN","PPP","TOT","NATUSD","A","2016",3.472826,
"CHN","PPP","TOT","NATUSD","A","2017",3.549759,
"CHN","PPP","TOT","NATUSD","A","2018",3.564637,
"COL","PPP","TOT","NATUSD","A","2000",783.734381,
"COL","PPP","TOT","NATUSD","A","2001",816.220838,
"COL","PPP","TOT","NATUSD","A","2002",851.857381,
"COL","PPP","TOT","NATUSD","A","2003",892.239098,
"COL","PPP","TOT","NATUSD","A","2004",931.60464,
"COL","PPP","TOT","NATUSD","A","2005",952.723748,
"COL","PPP","TOT","NATUSD","A","2006",977.706657,
"COL","PPP","TOT","NATUSD","A","2007",1000.357813,
"COL","PPP","TOT","NATUSD","A","2008",1055.242084,
"COL","PPP","TOT","NATUSD","A","2009",1082.979231,
"COL","PPP","TOT","NATUSD","A","2010",1111.170441,
"COL","PPP","TOT","NATUSD","A","2011",1161.909895,
"COL","PPP","TOT","NATUSD","A","2012",1174.995213,
"COL","PPP","TOT","NATUSD","A","2013",1179.362636,
"COL","PPP","TOT","NATUSD","A","2014",1182.549471,
"COL","PPP","TOT","NATUSD","A","2015",1198.565328,
"COL","PPP","TOT","NATUSD","A","2016",1241.199851,
"COL","PPP","TOT","NATUSD","A","2017",1278.040402,
"COL","PPP","TOT","NATUSD","A","2018",1322.222079,
"EST","PPP","TOT","NATUSD","A","2000",0.468855,
"EST","PPP","TOT","NATUSD","A","2001",0.487809,
"EST","PPP","TOT","NATUSD","A","2002",0.486245,
"EST","PPP","TOT","NATUSD","A","2003",0.486311,
"EST","PPP","TOT","NATUSD","A","2004",0.494099,
"EST","PPP","TOT","NATUSD","A","2005",0.503328,
"EST","PPP","TOT","NATUSD","A","2006",0.521332,
"EST","PPP","TOT","NATUSD","A","2007",0.551715,
"EST","PPP","TOT","NATUSD","A","2008",0.545055,
"EST","PPP","TOT","NATUSD","A","2009",0.517014,
"EST","PPP","TOT","NATUSD","A","2010",0.512138,
"EST","PPP","TOT","NATUSD","A","2011",0.5116,
"EST","PPP","TOT","NATUSD","A","2012",0.521063,
"EST","PPP","TOT","NATUSD","A","2013",0.522424,
"EST","PPP","TOT","NATUSD","A","2014",0.52689,
"EST","PPP","TOT","NATUSD","A","2015",0.537436,
"EST","PPP","TOT","NATUSD","A","2016",0.533337,
"EST","PPP","TOT","NATUSD","A","2017",0.535932,
"EST","PPP","TOT","NATUSD","A","2018",0.547925,
"IND","PPP","TOT","NATUSD","A","2000",10.138195,
"IND","PPP","TOT","NATUSD","A","2001",10.231045,
"IND","PPP","TOT","NATUSD","A","2002",10.450766,
"IND","PPP","TOT","NATUSD","A","2003",10.642758,
"IND","PPP","TOT","NATUSD","A","2004",10.950977,
"IND","PPP","TOT","NATUSD","A","2005",11.05912,
"IND","PPP","TOT","NATUSD","A","2006",11.418592,
"IND","PPP","TOT","NATUSD","A","2007",11.762826,
"IND","PPP","TOT","NATUSD","A","2008",12.536125,
"IND","PPP","TOT","NATUSD","A","2009",13.196079,
"IND","PPP","TOT","NATUSD","A","2010",14.20806,
"IND","PPP","TOT","NATUSD","A","2011",15.109435,
"IND","PPP","TOT","NATUSD","A","2012",16.013302,
"IND","PPP","TOT","NATUSD","A","2013",16.733715,
"IND","PPP","TOT","NATUSD","A","2014",16.986392,
"IND","PPP","TOT","NATUSD","A","2015",17.152326,
"IND","PPP","TOT","NATUSD","A","2016",17.522908,
"IND","PPP","TOT","NATUSD","A","2017",17.72917,
"IND","PPP","TOT","NATUSD","A","2018",18.127587,
"IDN","PPP","TOT","NATUSD","A","2000",1427.634797,
"IDN","PPP","TOT","NATUSD","A","2001",1595.368537,
"IDN","PPP","TOT","NATUSD","A","2002",1663.889513,
"IDN","PPP","TOT","NATUSD","A","2003",1720.878976,
"IDN","PPP","TOT","NATUSD","A","2004",1818.035727,
"IDN","PPP","TOT","NATUSD","A","2005",2013.796064,
"IDN","PPP","TOT","NATUSD","A","2006",2229.007024,
"IDN","PPP","TOT","NATUSD","A","2007",2415.672362,
"IDN","PPP","TOT","NATUSD","A","2008",2799.201405,
"IDN","PPP","TOT","NATUSD","A","2009",3007.98471,
"IDN","PPP","TOT","NATUSD","A","2010",3425.297479,
"IDN","PPP","TOT","NATUSD","A","2011",3606.566084,
"IDN","PPP","TOT","NATUSD","A","2012",3674.270252,
"IDN","PPP","TOT","NATUSD","A","2013",3795.437571,
"IDN","PPP","TOT","NATUSD","A","2014",3931.472728,
"IDN","PPP","TOT","NATUSD","A","2015",4044.099352,
"IDN","PPP","TOT","NATUSD","A","2016",4092.200721,
"IDN","PPP","TOT","NATUSD","A","2017",4190.49247,
"IDN","PPP","TOT","NATUSD","A","2018",4245.61314,
"ISR","PPP","TOT","NATUSD","A","2000",3.441532,
"ISR","PPP","TOT","NATUSD","A","2001",3.427436,
"ISR","PPP","TOT","NATUSD","A","2002",3.462676,
"ISR","PPP","TOT","NATUSD","A","2003",3.628385,
"ISR","PPP","TOT","NATUSD","A","2004",3.535373,
"ISR","PPP","TOT","NATUSD","A","2005",3.716937,
"ISR","PPP","TOT","NATUSD","A","2006",3.789247,
"ISR","PPP","TOT","NATUSD","A","2007",3.724979,
"ISR","PPP","TOT","NATUSD","A","2008",3.867205,
"ISR","PPP","TOT","NATUSD","A","2009",3.962948,
"ISR","PPP","TOT","NATUSD","A","2010",3.97626,
"ISR","PPP","TOT","NATUSD","A","2011",3.944763,
"ISR","PPP","TOT","NATUSD","A","2012",3.955358,
"ISR","PPP","TOT","NATUSD","A","2013",3.839566,
"ISR","PPP","TOT","NATUSD","A","2014",3.940387,
"ISR","PPP","TOT","NATUSD","A","2015",3.924124,
"ISR","PPP","TOT","NATUSD","A","2016",3.826053,
"ISR","PPP","TOT","NATUSD","A","2017",3.754754,
"ISR","PPP","TOT","NATUSD","A","2018",3.752088,
"RUS","PPP","TOT","NATUSD","A","2000",7.301404,
"RUS","PPP","TOT","NATUSD","A","2001",8.322817,
"RUS","PPP","TOT","NATUSD","A","2002",9.273504,
"RUS","PPP","TOT","NATUSD","A","2003",9.866787,
"RUS","PPP","TOT","NATUSD","A","2004",11.556843,
"RUS","PPP","TOT","NATUSD","A","2005",12.736131,
"RUS","PPP","TOT","NATUSD","A","2006",12.618288,
"RUS","PPP","TOT","NATUSD","A","2007",13.984503,
"RUS","PPP","TOT","NATUSD","A","2008",14.341196,
"RUS","PPP","TOT","NATUSD","A","2009",14.016913,
"RUS","PPP","TOT","NATUSD","A","2010",15.821142,
"RUS","PPP","TOT","NATUSD","A","2011",17.345572,
"RUS","PPP","TOT","NATUSD","A","2012",18.460624,
"RUS","PPP","TOT","NATUSD","A","2013",19.421265,
"RUS","PPP","TOT","NATUSD","A","2014",21.01471,
"RUS","PPP","TOT","NATUSD","A","2015",23.588315,
"RUS","PPP","TOT","NATUSD","A","2016",24.361176,
"RUS","PPP","TOT","NATUSD","A","2017",24.34203,
"RUS","PPP","TOT","NATUSD","A","2018",25.643372,
"SVN","PPP","TOT","NATUSD","A","2000",0.526505,
"SVN","PPP","TOT","NATUSD","A","2001",0.56003,
"SVN","PPP","TOT","NATUSD","A","2002",0.583286,
"SVN","PPP","TOT","NATUSD","A","2003",0.608565,
"SVN","PPP","TOT","NATUSD","A","2004",0.608383,
"SVN","PPP","TOT","NATUSD","A","2005",0.610135,
"SVN","PPP","TOT","NATUSD","A","2006",0.610317,
"SVN","PPP","TOT","NATUSD","A","2007",0.630975,
"SVN","PPP","TOT","NATUSD","A","2008",0.633789,
"SVN","PPP","TOT","NATUSD","A","2009",0.645342,
"SVN","PPP","TOT","NATUSD","A","2010",0.637951,
"SVN","PPP","TOT","NATUSD","A","2011",0.62397,
"SVN","PPP","TOT","NATUSD","A","2012",0.606793,
"SVN","PPP","TOT","NATUSD","A","2013",0.590407,
"SVN","PPP","TOT","NATUSD","A","2014",0.591238,
"SVN","PPP","TOT","NATUSD","A","2015",0.595138,
"SVN","PPP","TOT","NATUSD","A","2016",0.58893,
"SVN","PPP","TOT","NATUSD","A","2017",0.575578,
"SVN","PPP","TOT","NATUSD","A","2018",0.581671,
"ZAF","PPP","TOT","NATUSD","A","2000",2.737055,
"ZAF","PPP","TOT","NATUSD","A","2001",2.879576,
"ZAF","PPP","TOT","NATUSD","A","2002",3.183187,
"ZAF","PPP","TOT","NATUSD","A","2003",3.301768,
"ZAF","PPP","TOT","NATUSD","A","2004",3.423147,
"ZAF","PPP","TOT","NATUSD","A","2005",3.497151,
"ZAF","PPP","TOT","NATUSD","A","2006",3.605151,
"ZAF","PPP","TOT","NATUSD","A","2007",3.822457,
"ZAF","PPP","TOT","NATUSD","A","2008",4.080004,
"ZAF","PPP","TOT","NATUSD","A","2009",4.35313,
"ZAF","PPP","TOT","NATUSD","A","2010",4.573735,
"ZAF","PPP","TOT","NATUSD","A","2011",4.773938,
"ZAF","PPP","TOT","NATUSD","A","2012",4.935225,
"ZAF","PPP","TOT","NATUSD","A","2013",5.155736,
"ZAF","PPP","TOT","NATUSD","A","2014",5.345785,
"ZAF","PPP","TOT","NATUSD","A","2015",5.559277,
"ZAF","PPP","TOT","NATUSD","A","2016",5.861077,
"ZAF","PPP","TOT","NATUSD","A","2017",6.076257,
"ZAF","PPP","TOT","NATUSD","A","2018",6.123734,
"EU28","PPP","TOT","NATUSD","A","2000",0.876249,
"EU28","PPP","TOT","NATUSD","A","2001",0.868116,
"EU28","PPP","TOT","NATUSD","A","2002",0.858914,
"EU28","PPP","TOT","NATUSD","A","2003",0.848337,
"EU28","PPP","TOT","NATUSD","A","2004",0.846226,
"EU28","PPP","TOT","NATUSD","A","2005",0.849901,
"EU28","PPP","TOT","NATUSD","A","2006",0.827809,
"EU28","PPP","TOT","NATUSD","A","2007",0.824273,
"EU28","PPP","TOT","NATUSD","A","2008",0.790276,
"EU28","PPP","TOT","NATUSD","A","2009",0.760596,
"EU28","PPP","TOT","NATUSD","A","2010",0.765287,
"EU28","PPP","TOT","NATUSD","A","2011",0.754435,
"EU28","PPP","TOT","NATUSD","A","2012",0.755761,
"EU28","PPP","TOT","NATUSD","A","2013",0.734622,
"EU28","PPP","TOT","NATUSD","A","2014",0.73713,
"EU28","PPP","TOT","NATUSD","A","2015",0.751375,
"EU28","PPP","TOT","NATUSD","A","2016",0.72752,
"EU28","PPP","TOT","NATUSD","A","2017",0.706071,
"EU28","PPP","TOT","NATUSD","A","2018",0.708252,
"LVA","PPP","TOT","NATUSD","A","2000",0.360805,
"LVA","PPP","TOT","NATUSD","A","2001",0.353282,
"LVA","PPP","TOT","NATUSD","A","2002",0.360954,
"LVA","PPP","TOT","NATUSD","A","2003",0.378645,
"LVA","PPP","TOT","NATUSD","A","2004",0.399699,
"LVA","PPP","TOT","NATUSD","A","2005",0.438594,
"LVA","PPP","TOT","NATUSD","A","2006",0.489396,
"LVA","PPP","TOT","NATUSD","A","2007",0.566352,
"LVA","PPP","TOT","NATUSD","A","2008",0.575541,
"LVA","PPP","TOT","NATUSD","A","2009",0.521023,
"LVA","PPP","TOT","NATUSD","A","2010",0.487045,
"LVA","PPP","TOT","NATUSD","A","2011",0.498504,
"LVA","PPP","TOT","NATUSD","A","2012",0.506202,
"LVA","PPP","TOT","NATUSD","A","2013",0.499272,
"LVA","PPP","TOT","NATUSD","A","2014",0.497561,
"LVA","PPP","TOT","NATUSD","A","2015",0.497436,
"LVA","PPP","TOT","NATUSD","A","2016",0.494481,
"LVA","PPP","TOT","NATUSD","A","2017",0.490739,
"LVA","PPP","TOT","NATUSD","A","2018",0.499301,
"LTU","PPP","TOT","NATUSD","A","2000",0.451661,
"LTU","PPP","TOT","NATUSD","A","2001",0.432697,
"LTU","PPP","TOT","NATUSD","A","2002",0.42073,
"LTU","PPP","TOT","NATUSD","A","2003",0.404438,
"LTU","PPP","TOT","NATUSD","A","2004",0.414417,
"LTU","PPP","TOT","NATUSD","A","2005",0.435163,
"LTU","PPP","TOT","NATUSD","A","2006",0.446713,
"LTU","PPP","TOT","NATUSD","A","2007",0.470649,
"LTU","PPP","TOT","NATUSD","A","2008",0.492828,
"LTU","PPP","TOT","NATUSD","A","2009",0.469297,
"LTU","PPP","TOT","NATUSD","A","2010",0.450413,
"LTU","PPP","TOT","NATUSD","A","2011",0.451919,
"LTU","PPP","TOT","NATUSD","A","2012",0.452657,
"LTU","PPP","TOT","NATUSD","A","2013",0.443348,
"LTU","PPP","TOT","NATUSD","A","2014",0.442623,
"LTU","PPP","TOT","NATUSD","A","2015",0.445738,
"LTU","PPP","TOT","NATUSD","A","2016",0.447022,
"LTU","PPP","TOT","NATUSD","A","2017",0.448588,
"LTU","PPP","TOT","NATUSD","A","2018",0.457582,
"SAU","PPP","TOT","NATUSD","A","2000",1.002531,
"SAU","PPP","TOT","NATUSD","A","2001",0.964053,
"SAU","PPP","TOT","NATUSD","A","2002",1.006037,
"SAU","PPP","TOT","NATUSD","A","2003",1.009218,
"SAU","PPP","TOT","NATUSD","A","2004",1.090807,
"SAU","PPP","TOT","NATUSD","A","2005",1.269745,
"SAU","PPP","TOT","NATUSD","A","2006",1.374458,
"SAU","PPP","TOT","NATUSD","A","2007",1.451762,
"SAU","PPP","TOT","NATUSD","A","2008",1.675706,
"SAU","PPP","TOT","NATUSD","A","2009",1.401753,
"SAU","PPP","TOT","NATUSD","A","2010",1.622911,
"SAU","PPP","TOT","NATUSD","A","2011",1.837011,
"SAU","PPP","TOT","NATUSD","A","2012",1.876216,
"SAU","PPP","TOT","NATUSD","A","2013",1.823938,
"SAU","PPP","TOT","NATUSD","A","2014",1.751108,
"SAU","PPP","TOT","NATUSD","A","2015",1.439412,
"SAU","PPP","TOT","NATUSD","A","2016",1.377981,
"SAU","PPP","TOT","NATUSD","A","2017",1.445887,
"SAU","PPP","TOT","NATUSD","A","2018",1.577274,
"EA19","PPP","TOT","NATUSD","A","2000",0.863713,
"EA19","PPP","TOT","NATUSD","A","2001",0.860384,
"EA19","PPP","TOT","NATUSD","A","2002",0.852125,
"EA19","PPP","TOT","NATUSD","A","2003",0.858865,
"EA19","PPP","TOT","NATUSD","A","2004",0.856812,
"EA19","PPP","TOT","NATUSD","A","2005",0.852723,
"EA19","PPP","TOT","NATUSD","A","2006",0.827189,
"EA19","PPP","TOT","NATUSD","A","2007",0.820974,
"EA19","PPP","TOT","NATUSD","A","2008",0.806152,
"EA19","PPP","TOT","NATUSD","A","2009",0.794815,
"EA19","PPP","TOT","NATUSD","A","2010",0.79299,
"EA19","PPP","TOT","NATUSD","A","2011",0.780418,
"EA19","PPP","TOT","NATUSD","A","2012",0.77411,
"EA19","PPP","TOT","NATUSD","A","2013",0.755508,
"EA19","PPP","TOT","NATUSD","A","2014",0.751931,
"EA19","PPP","TOT","NATUSD","A","2015",0.755019,
"EA19","PPP","TOT","NATUSD","A","2016",0.743474,
"EA19","PPP","TOT","NATUSD","A","2017",0.728101,
"EA19","PPP","TOT","NATUSD","A","2018",0.732035,
"ARG","PPP","TOT","NATUSD","A","2000",0.702,
"ARG","PPP","TOT","NATUSD","A","2001",0.68,
"ARG","PPP","TOT","NATUSD","A","2002",0.87,
"ARG","PPP","TOT","NATUSD","A","2003",0.946,
"ARG","PPP","TOT","NATUSD","A","2004",1.006,
"ARG","PPP","TOT","NATUSD","A","2005",1.076,
"ARG","PPP","TOT","NATUSD","A","2006",1.188453,
"ARG","PPP","TOT","NATUSD","A","2007",1.330595,
"ARG","PPP","TOT","NATUSD","A","2008",1.607379,
"ARG","PPP","TOT","NATUSD","A","2009",1.840578,
"ARG","PPP","TOT","NATUSD","A","2010",2.198683,
"ARG","PPP","TOT","NATUSD","A","2011",2.664829,
"ARG","PPP","TOT","NATUSD","A","2012",3.200527,
"ARG","PPP","TOT","NATUSD","A","2013",3.903966,
"ARG","PPP","TOT","NATUSD","A","2014",5.380045,
"ARG","PPP","TOT","NATUSD","A","2015",6.737002,
"ARG","PPP","TOT","NATUSD","A","2016",9.317956,
"ARG","PPP","TOT","NATUSD","A","2017",11.473536,
"ARG","PPP","TOT","NATUSD","A","2018",15.714044,
"CRI","PPP","TOT","NATUSD","A","2000",149.901359,
"CRI","PPP","TOT","NATUSD","A","2001",160.864334,
"CRI","PPP","TOT","NATUSD","A","2002",174.055206,
"CRI","PPP","TOT","NATUSD","A","2003",188.950559,
"CRI","PPP","TOT","NATUSD","A","2004",208.620144,
"CRI","PPP","TOT","NATUSD","A","2005",228.600303,
"CRI","PPP","TOT","NATUSD","A","2006",250.701835,
"CRI","PPP","TOT","NATUSD","A","2007",269.930219,
"CRI","PPP","TOT","NATUSD","A","2008",294.963976,
"CRI","PPP","TOT","NATUSD","A","2009",321.50931,
"CRI","PPP","TOT","NATUSD","A","2010",338.500809,
"CRI","PPP","TOT","NATUSD","A","2011",346.738298,
"CRI","PPP","TOT","NATUSD","A","2012",355.297024,
"CRI","PPP","TOT","NATUSD","A","2013",363.682463,
"CRI","PPP","TOT","NATUSD","A","2014",377.983569,
"CRI","PPP","TOT","NATUSD","A","2015",388.051528,
"CRI","PPP","TOT","NATUSD","A","2016",390.019563,
"CRI","PPP","TOT","NATUSD","A","2017",390.705341,
"CRI","PPP","TOT","NATUSD","A","2018",391.132956,
"BGR","PPP","TOT","NATUSD","A","2000",0.535958,
"BGR","PPP","TOT","NATUSD","A","2001",0.55573,
"BGR","PPP","TOT","NATUSD","A","2002",0.558291,
"BGR","PPP","TOT","NATUSD","A","2003",0.560446,
"BGR","PPP","TOT","NATUSD","A","2004",0.580778,
"BGR","PPP","TOT","NATUSD","A","2005",0.596502,
"BGR","PPP","TOT","NATUSD","A","2006",0.618867,
"BGR","PPP","TOT","NATUSD","A","2007",0.657064,
"BGR","PPP","TOT","NATUSD","A","2008",0.67768,
"BGR","PPP","TOT","NATUSD","A","2009",0.693056,
"BGR","PPP","TOT","NATUSD","A","2010",0.676994,
"BGR","PPP","TOT","NATUSD","A","2011",0.701073,
"BGR","PPP","TOT","NATUSD","A","2012",0.692816,
"BGR","PPP","TOT","NATUSD","A","2013",0.680008,
"BGR","PPP","TOT","NATUSD","A","2014",0.661231,
"BGR","PPP","TOT","NATUSD","A","2015",0.678518,
"BGR","PPP","TOT","NATUSD","A","2016",0.677218,
"BGR","PPP","TOT","NATUSD","A","2017",0.681667,
"BGR","PPP","TOT","NATUSD","A","2018",0.699653,
"HRV","PPP","TOT","NATUSD","A","2000",3.786475,
"HRV","PPP","TOT","NATUSD","A","2001",3.872241,
"HRV","PPP","TOT","NATUSD","A","2002",3.879362,
"HRV","PPP","TOT","NATUSD","A","2003",3.988416,
"HRV","PPP","TOT","NATUSD","A","2004",4.011738,
"HRV","PPP","TOT","NATUSD","A","2005",4.093508,
"HRV","PPP","TOT","NATUSD","A","2006",3.918144,
"HRV","PPP","TOT","NATUSD","A","2007",3.869245,
"HRV","PPP","TOT","NATUSD","A","2008",3.872406,
"HRV","PPP","TOT","NATUSD","A","2009",3.841779,
"HRV","PPP","TOT","NATUSD","A","2010",3.873835,
"HRV","PPP","TOT","NATUSD","A","2011",3.752628,
"HRV","PPP","TOT","NATUSD","A","2012",3.664139,
"HRV","PPP","TOT","NATUSD","A","2013",3.57512,
"HRV","PPP","TOT","NATUSD","A","2014",3.543492,
"HRV","PPP","TOT","NATUSD","A","2015",3.511437,
"HRV","PPP","TOT","NATUSD","A","2016",3.432023,
"HRV","PPP","TOT","NATUSD","A","2017",3.371315,
"HRV","PPP","TOT","NATUSD","A","2018",3.394434,
"CYP","PPP","TOT","NATUSD","A","2000",0.717001,
"CYP","PPP","TOT","NATUSD","A","2001",0.711542,
"CYP","PPP","TOT","NATUSD","A","2002",0.710509,
"CYP","PPP","TOT","NATUSD","A","2003",0.737342,
"CYP","PPP","TOT","NATUSD","A","2004",0.734309,
"CYP","PPP","TOT","NATUSD","A","2005",0.722892,
"CYP","PPP","TOT","NATUSD","A","2006",0.710569,
"CYP","PPP","TOT","NATUSD","A","2007",0.694902,
"CYP","PPP","TOT","NATUSD","A","2008",0.693818,
"CYP","PPP","TOT","NATUSD","A","2009",0.681941,
"CYP","PPP","TOT","NATUSD","A","2010",0.700197,
"CYP","PPP","TOT","NATUSD","A","2011",0.698621,
"CYP","PPP","TOT","NATUSD","A","2012",0.706852,
"CYP","PPP","TOT","NATUSD","A","2013",0.687317,
"CYP","PPP","TOT","NATUSD","A","2014",0.679712,
"CYP","PPP","TOT","NATUSD","A","2015",0.662962,
"CYP","PPP","TOT","NATUSD","A","2016",0.644648,
"CYP","PPP","TOT","NATUSD","A","2017",0.632269,
"CYP","PPP","TOT","NATUSD","A","2018",0.630805,
"MLT","PPP","TOT","NATUSD","A","2000",0.579975,
"MLT","PPP","TOT","NATUSD","A","2001",0.588859,
"MLT","PPP","TOT","NATUSD","A","2002",0.581838,
"MLT","PPP","TOT","NATUSD","A","2003",0.574532,
"MLT","PPP","TOT","NATUSD","A","2004",0.566773,
"MLT","PPP","TOT","NATUSD","A","2005",0.572731,
"MLT","PPP","TOT","NATUSD","A","2006",0.572207,
"MLT","PPP","TOT","NATUSD","A","2007",0.568656,
"MLT","PPP","TOT","NATUSD","A","2008",0.571553,
"MLT","PPP","TOT","NATUSD","A","2009",0.569338,
"MLT","PPP","TOT","NATUSD","A","2010",0.572525,
"MLT","PPP","TOT","NATUSD","A","2011",0.574148,
"MLT","PPP","TOT","NATUSD","A","2012",0.579729,
"MLT","PPP","TOT","NATUSD","A","2013",0.577478,
"MLT","PPP","TOT","NATUSD","A","2014",0.586361,
"MLT","PPP","TOT","NATUSD","A","2015",0.599539,
"MLT","PPP","TOT","NATUSD","A","2016",0.59252,
"MLT","PPP","TOT","NATUSD","A","2017",0.581816,
"MLT","PPP","TOT","NATUSD","A","2018",0.598556,
"PER","PPP","TOT","NATUSD","A","2000",1.339492,
"PER","PPP","TOT","NATUSD","A","2001",1.315609,
"PER","PPP","TOT","NATUSD","A","2002",1.297131,
"PER","PPP","TOT","NATUSD","A","2003",1.29471,
"PER","PPP","TOT","NATUSD","A","2004",1.339182,
"PER","PPP","TOT","NATUSD","A","2005",1.342893,
"PER","PPP","TOT","NATUSD","A","2006",1.402617,
"PER","PPP","TOT","NATUSD","A","2007",1.386622,
"PER","PPP","TOT","NATUSD","A","2008",1.374949,
"PER","PPP","TOT","NATUSD","A","2009",1.392747,
"PER","PPP","TOT","NATUSD","A","2010",1.454519,
"PER","PPP","TOT","NATUSD","A","2011",1.52123,
"PER","PPP","TOT","NATUSD","A","2012",1.511678,
"PER","PPP","TOT","NATUSD","A","2013",1.503695,
"PER","PPP","TOT","NATUSD","A","2014",1.515085,
"PER","PPP","TOT","NATUSD","A","2015",1.537922,
"PER","PPP","TOT","NATUSD","A","2016",1.562275,
"PER","PPP","TOT","NATUSD","A","2017",1.595123,
"PER","PPP","TOT","NATUSD","A","2018",1.620607,
"ROU","PPP","TOT","NATUSD","A","2000",0.616097,
"ROU","PPP","TOT","NATUSD","A","2001",0.813348,
"ROU","PPP","TOT","NATUSD","A","2002",0.978354,
"ROU","PPP","TOT","NATUSD","A","2003",1.177976,
"ROU","PPP","TOT","NATUSD","A","2004",1.269914,
"ROU","PPP","TOT","NATUSD","A","2005",1.401284,
"ROU","PPP","TOT","NATUSD","A","2006",1.400885,
"ROU","PPP","TOT","NATUSD","A","2007",1.489346,
"ROU","PPP","TOT","NATUSD","A","2008",1.566239,
"ROU","PPP","TOT","NATUSD","A","2009",1.566897,
"ROU","PPP","TOT","NATUSD","A","2010",1.537767,
"ROU","PPP","TOT","NATUSD","A","2011",1.550032,
"ROU","PPP","TOT","NATUSD","A","2012",1.563593,
"ROU","PPP","TOT","NATUSD","A","2013",1.60623,
"ROU","PPP","TOT","NATUSD","A","2014",1.628371,
"ROU","PPP","TOT","NATUSD","A","2015",1.662424,
"ROU","PPP","TOT","NATUSD","A","2016",1.627054,
"ROU","PPP","TOT","NATUSD","A","2017",1.644575,
"ROU","PPP","TOT","NATUSD","A","2018",1.718985,
"MKD","PPP","TOT","NATUSD","A","2000",19.943608,
"MKD","PPP","TOT","NATUSD","A","2001",20.493183,
"MKD","PPP","TOT","NATUSD","A","2002",20.015099,
"MKD","PPP","TOT","NATUSD","A","2003",20.122733,
"MKD","PPP","TOT","NATUSD","A","2004",19.279313,
"MKD","PPP","TOT","NATUSD","A","2005",19.293528,
"MKD","PPP","TOT","NATUSD","A","2006",18.905007,
"MKD","PPP","TOT","NATUSD","A","2007",19.532389,
"MKD","PPP","TOT","NATUSD","A","2008",19.263836,
"MKD","PPP","TOT","NATUSD","A","2009",18.360335,
"MKD","PPP","TOT","NATUSD","A","2010",18.731847,
"MKD","PPP","TOT","NATUSD","A","2011",19.289545,
"MKD","PPP","TOT","NATUSD","A","2012",19.003525,
"MKD","PPP","TOT","NATUSD","A","2013",19.105395,
"MKD","PPP","TOT","NATUSD","A","2014",18.995902,
"MKD","PPP","TOT","NATUSD","A","2015",19.435433,
"MKD","PPP","TOT","NATUSD","A","2016",19.297243,
"MKD","PPP","TOT","NATUSD","A","2017",19.358078,
"MKD","PPP","TOT","NATUSD","A","2018",19.378351,
"ZMB","PPP","TOT","NATUSD","A","2000",0.638,
"ZMB","PPP","TOT","NATUSD","A","2001",0.782,
"ZMB","PPP","TOT","NATUSD","A","2002",0.919,
"ZMB","PPP","TOT","NATUSD","A","2003",1.06,
"ZMB","PPP","TOT","NATUSD","A","2004",1.235,
"ZMB","PPP","TOT","NATUSD","A","2005",1.396,
"ZMB","PPP","TOT","NATUSD","A","2006",1.551,
"ZMB","PPP","TOT","NATUSD","A","2007",1.707,
"ZMB","PPP","TOT","NATUSD","A","2008",1.852,
"ZMB","PPP","TOT","NATUSD","A","2009",1.941,
"ZMB","PPP","TOT","NATUSD","A","2010",2.185,
"ZMB","PPP","TOT","NATUSD","A","2011",2.378,
"ZMB","PPP","TOT","NATUSD","A","2012",2.497,
"ZMB","PPP","TOT","NATUSD","A","2013",2.698,
"ZMB","PPP","TOT","NATUSD","A","2014",2.795,
"ZMB","PPP","TOT","NATUSD","A","2015",2.949,
"ZMB","PPP","TOT","NATUSD","A","2016",3.308,
"ZMB","PPP","TOT","NATUSD","A","2017",3.525,
