Country,Year,Premium brand of cigarettes - currency reported,Premium brand of cigarettes - price in currency reported,Premium brand of cigarettes - price in international dollars,Premium brand of cigarettes - price in US$ at official exchange rates
Afghanistan, 2014,AFN,100.00,2.95,1.73
Afghanistan, 2012,Not available,Not available,Not available,Not available
Afghanistan, 2010,Not available,Not available,Not available,Not available
Afghanistan, 2008,Not available,Not available,Not available,Not available
Albania, 2014,ALL,270.00,5.23,2.60
Albania, 2012,Not available,Not available,Not available,Not available
Albania, 2010,Not available,Not available,Not available,Not available
Albania, 2008,Not available,Not available,Not available,Not available
Algeria, 2014,DZD,150.00,2.53,1.91
Algeria, 2012,Not available,Not available,Not available,Not available
Algeria, 2010,Not available,Not available,Not available,Not available
Algeria, 2008,Not available,Not available,Not available,Not available
Andorra, 2014,EUR,3.50,Not available,4.68
Andorra, 2012,Not available,Not available,Not available,Not available
Andorra, 2010,Not available,Not available,Not available,Not available
Andorra, 2008,Not available,Not available,Not available,Not available
Angola, 2014,AOA,200.00,2.18,2.06
Angola, 2012,Not available,Not available,Not available,Not available
Angola, 2010,Not available,Not available,Not available,Not available
Angola, 2008,Not available,Not available,Not available,Not available
Antigua and Barbuda, 2014,XCD,8.00,3.99,2.96
Antigua and Barbuda, 2012,Not available,Not available,Not available,Not available
Antigua and Barbuda, 2010,Not available,Not available,Not available,Not available
Antigua and Barbuda, 2008,Not available,Not available,Not available,Not available
Argentina, 2014,ARS,15.50,3.65,1.90
Argentina, 2012,Not available,Not available,Not available,Not available
Argentina, 2010,Not available,Not available,Not available,Not available
Argentina, 2008,Not available,Not available,Not available,Not available
Armenia, 2014,AMD,600.00,2.74,1.48
Armenia, 2012,Not available,Not available,Not available,Not available
Armenia, 2010,Not available,Not available,Not available,Not available
Armenia, 2008,Not available,Not available,Not available,Not available
Australia, 2014,AUD,18.56,11.96,17.31
Australia, 2012,Not available,Not available,Not available,Not available
Australia, 2010,Not available,Not available,Not available,Not available
Australia, 2008,Not available,Not available,Not available,Not available
Austria, 2014,EUR,4.90,5.63,6.56
Austria, 2012,Not available,Not available,Not available,Not available
Austria, 2010,Not available,Not available,Not available,Not available
Austria, 2008,Not available,Not available,Not available,Not available
Azerbaijan, 2014,AZN,2.50,4.44,3.21
Azerbaijan, 2012,Not available,Not available,Not available,Not available
Azerbaijan, 2010,Not available,Not available,Not available,Not available
Azerbaijan, 2008,Not available,Not available,Not available,Not available
Bahamas, 2014,BSD,8.20,11.02,8.20
Bahamas, 2012,Not available,Not available,Not available,Not available
Bahamas, 2010,Not available,Not available,Not available,Not available
Bahamas, 2008,Not available,Not available,Not available,Not available
Bahrain, 2014,BHD,1.00,3.42,2.66
Bahrain, 2012,Not available,Not available,Not available,Not available
Bahrain, 2010,Not available,Not available,Not available,Not available
Bahrain, 2008,Not available,Not available,Not available,Not available
Bangladesh, 2014,BDT,190.00,5.23,2.45
Bangladesh, 2012,Not available,Not available,Not available,Not available
Bangladesh, 2010,Not available,Not available,Not available,Not available
Bangladesh, 2008,Not available,Not available,Not available,Not available
Barbados, 2014,BBD,15.19,12.39,7.60
Barbados, 2012,Not available,Not available,Not available,Not available
Barbados, 2010,Not available,Not available,Not available,Not available
Barbados, 2008,Not available,Not available,Not available,Not available
Belarus, 2014,BYR,16000.00,3.10,1.55
Belarus, 2012,Not available,Not available,Not available,Not available
Belarus, 2010,Not available,Not available,Not available,Not available
Belarus, 2008,Not available,Not available,Not available,Not available
Belgium, 2014,EUR,5.79,6.44,7.75
Belgium, 2012,Not available,Not available,Not available,Not available
Belgium, 2010,Not available,Not available,Not available,Not available
Belgium, 2008,Not available,Not available,Not available,Not available
Belize, 2014,BZD,12.00,11.48,6.00
Belize, 2012,Not available,Not available,Not available,Not available
Belize, 2010,Not available,Not available,Not available,Not available
Belize, 2008,Not available,Not available,Not available,Not available
Benin, 2014,Not available,Not available,Not available,Not available
Benin, 2012,Not available,Not available,Not available,Not available
Benin, 2010,Not available,Not available,Not available,Not available
Benin, 2008,Not available,Not available,Not available,Not available
Bhutan, 2014,Not applicable,Not applicable,Not applicable,Not applicable
Bhutan, 2012,Not available,Not available,Not available,Not available
Bhutan, 2010,Not available,Not available,Not available,Not available
Bhutan, 2008,Not available,Not available,Not available,Not available
Bolivia (Plurinational State of), 2014,BOB,14.00,3.83,2.03
Bolivia (Plurinational State of), 2012,Not available,Not available,Not available,Not available
Bolivia (Plurinational State of), 2010,Not available,Not available,Not available,Not available
Bolivia (Plurinational State of), 2008,Not available,Not available,Not available,Not available
Bosnia and Herzegovina, 2014,BAM,4.30,5.23,2.94
Bosnia and Herzegovina, 2012,Not available,Not available,Not available,Not available
Bosnia and Herzegovina, 2010,Not available,Not available,Not available,Not available
Bosnia and Herzegovina, 2008,Not available,Not available,Not available,Not available
Botswana, 2014,BWP,27.33,7.10,3.08
Botswana, 2012,Not available,Not available,Not available,Not available
Botswana, 2010,Not available,Not available,Not available,Not available
Botswana, 2008,Not available,Not available,Not available,Not available
Brazil, 2014,BRL,6.75,3.23,2.98
Brazil, 2012,Not available,Not available,Not available,Not available
Brazil, 2010,Not available,Not available,Not available,Not available
Brazil, 2008,Not available,Not available,Not available,Not available
Brunei Darussalam, 2014,BND,8.10,8.79,6.52
Brunei Darussalam, 2012,Not available,Not available,Not available,Not available
Brunei Darussalam, 2010,Not available,Not available,Not available,Not available
Brunei Darussalam, 2008,Not available,Not available,Not available,Not available
Bulgaria, 2014,BGN,5.20,7.12,3.56
Bulgaria, 2012,Not available,Not available,Not available,Not available
Bulgaria, 2010,Not available,Not available,Not available,Not available
Bulgaria, 2008,Not available,Not available,Not available,Not available
Burkina Faso, 2014,XOF,600.00,2.65,1.22
Burkina Faso, 2012,Not available,Not available,Not available,Not available
Burkina Faso, 2010,Not available,Not available,Not available,Not available
Burkina Faso, 2008,Not available,Not available,Not available,Not available
Burundi, 2014,BIF,6000.00,7.69,3.88
Burundi, 2012,Not available,Not available,Not available,Not available
Burundi, 2010,Not available,Not available,Not available,Not available
Burundi, 2008,Not available,Not available,Not available,Not available
Cabo Verde, 2014,CVE,250.00,3.40,3.03
Cabo Verde, 2012,Not available,Not available,Not available,Not available
Cabo Verde, 2010,Not available,Not available,Not available,Not available
Cabo Verde, 2008,Not available,Not available,Not available,Not available
Cambodia, 2014,KHR,5400.00,3.37,1.33
Cambodia, 2012,Not available,Not available,Not available,Not available
Cambodia, 2010,Not available,Not available,Not available,Not available
Cambodia, 2008,Not available,Not available,Not available,Not available
Cameroon, 2014,XAF,1100.00,4.21,2.24
Cameroon, 2012,Not available,Not available,Not available,Not available
Cameroon, 2010,Not available,Not available,Not available,Not available
Cameroon, 2008,Not available,Not available,Not available,Not available
Canada, 2014,Not applicable,Not applicable,Not applicable,Not applicable
Canada, 2012,Not available,Not available,Not available,Not available
Canada, 2010,Not available,Not available,Not available,Not available
Canada, 2008,Not available,Not available,Not available,Not available
Central African Republic, 2014,XAF,2000.00,6.37,4.08
Central African Republic, 2012,Not available,Not available,Not available,Not available
Central African Republic, 2010,Not available,Not available,Not available,Not available
Central African Republic, 2008,Not available,Not available,Not available,Not available
Chad, 2014,XAF,1000.00,4.11,2.04
Chad, 2012,Not available,Not available,Not available,Not available
Chad, 2010,Not available,Not available,Not available,Not available
Chad, 2008,Not available,Not available,Not available,Not available
Chile, 2014,CLP,2800.00,6.69,4.91
Chile, 2012,Not available,Not available,Not available,Not available
Chile, 2010,Not available,Not available,Not available,Not available
Chile, 2008,Not available,Not available,Not available,Not available
China, 2014,CNY,16.00,3.73,2.59
China, 2012,Not available,Not available,Not available,Not available
China, 2010,Not available,Not available,Not available,Not available
China, 2008,Not available,Not available,Not available,Not available
Colombia, 2014,COP,3407.00,2.50,1.82
Colombia, 2012,Not available,Not available,Not available,Not available
Colombia, 2010,Not available,Not available,Not available,Not available
Colombia, 2008,Not available,Not available,Not available,Not available
Comoros, 2014,KMF,1250.00,4.61,3.40
Comoros, 2012,Not available,Not available,Not available,Not available
Comoros, 2010,Not available,Not available,Not available,Not available
Comoros, 2008,Not available,Not available,Not available,Not available
Congo, 2014,XAF,1150.00,3.59,2.35
Congo, 2012,Not available,Not available,Not available,Not available
Congo, 2010,Not available,Not available,Not available,Not available
Congo, 2008,Not available,Not available,Not available,Not available
Cook Islands, 2014,Not available,Not available,Not available,Not available
Cook Islands, 2012,Not available,Not available,Not available,Not available
Cook Islands, 2010,Not available,Not available,Not available,Not available
Cook Islands, 2008,Not available,Not available,Not available,Not available
Costa Rica, 2014,CRC,1700.00,4.09,3.16
Costa Rica, 2012,Not available,Not available,Not available,Not available
Costa Rica, 2010,Not available,Not available,Not available,Not available
Costa Rica, 2008,Not available,Not available,Not available,Not available
C么te d'Ivoire, 2014,XOF,800.00,2.48,1.63
C么te d'Ivoire, 2012,Not available,Not available,Not available,Not available
C么te d'Ivoire, 2010,Not available,Not available,Not available,Not available
C么te d'Ivoire, 2008,Not available,Not available,Not available,Not available
Croatia, 2014,HRK,25.00,5.98,4.39
Croatia, 2012,Not available,Not available,Not available,Not available
Croatia, 2010,Not available,Not available,Not available,Not available
Croatia, 2008,Not available,Not available,Not available,Not available
Cuba, 2014,Not available,Not available,Not available,Not available
Cuba, 2012,Not available,Not available,Not available,Not available
Cuba, 2010,Not available,Not available,Not available,Not available
Cuba, 2008,Not available,Not available,Not available,Not available
Cyprus, 2014,EUR,4.50,6.16,6.02
Cyprus, 2012,Not available,Not available,Not available,Not available
Cyprus, 2010,Not available,Not available,Not available,Not available
Cyprus, 2008,Not available,Not available,Not available,Not available
Czechia, 2014,CZK,91.00,6.73,4.42
Czechia, 2012,Not available,Not available,Not available,Not available
Czechia, 2010,Not available,Not available,Not available,Not available
Czechia, 2008,Not available,Not available,Not available,Not available
Democratic People's Republic of Korea, 2014,Not available,Not available,Not available,Not available
Democratic People's Republic of Korea, 2012,Not available,Not available,Not available,Not available
Democratic People's Republic of Korea, 2010,Not available,Not available,Not available,Not available
Democratic People's Republic of Korea, 2008,Not available,Not available,Not available,Not available
Democratic Republic of the Congo, 2014,CDF,2600.00,4.64,2.81
Democratic Republic of the Congo, 2012,Not available,Not available,Not available,Not available
Democratic Republic of the Congo, 2010,Not available,Not available,Not available,Not available
Democratic Republic of the Congo, 2008,Not available,Not available,Not available,Not available
Denmark, 2014,DKK,44.00,5.06,7.89
Denmark, 2012,Not available,Not available,Not available,Not available
Denmark, 2010,Not available,Not available,Not available,Not available
Denmark, 2008,Not available,Not available,Not available,Not available
Djibouti, 2014,DJF,200.00,1.92,1.13
Djibouti, 2012,Not available,Not available,Not available,Not available
Djibouti, 2010,Not available,Not available,Not available,Not available
Djibouti, 2008,Not available,Not available,Not available,Not available
Dominica, 2014,XCD,12.00,9.00,4.44
Dominica, 2012,Not available,Not available,Not available,Not available
Dominica, 2010,Not available,Not available,Not available,Not available
Dominica, 2008,Not available,Not available,Not available,Not available
Dominican Republic, 2014,DOP,180.00,7.11,4.11
Dominican Republic, 2012,Not available,Not available,Not available,Not available
Dominican Republic, 2010,Not available,Not available,Not available,Not available
Dominican Republic, 2008,Not available,Not available,Not available,Not available
Ecuador, 2014,USD,3.50,5.80,3.50
Ecuador, 2012,Not available,Not available,Not available,Not available
Ecuador, 2010,Not available,Not available,Not available,Not available
Ecuador, 2008,Not available,Not available,Not available,Not available
Egypt, 2014,EGP,20.00,5.79,2.80
Egypt, 2012,Not available,Not available,Not available,Not available
Egypt, 2010,Not available,Not available,Not available,Not available
Egypt, 2008,Not available,Not available,Not available,Not available
El Salvador, 2014,USD,2.75,5.29,0.31
El Salvador, 2012,Not available,Not available,Not available,Not available
El Salvador, 2010,Not available,Not available,Not available,Not available
El Salvador, 2008,Not available,Not available,Not available,Not available
Equatorial Guinea, 2014,Not available,Not available,Not available,Not available
Equatorial Guinea, 2012,Not available,Not available,Not available,Not available
Equatorial Guinea, 2010,Not available,Not available,Not available,Not available
Equatorial Guinea, 2008,Not available,Not available,Not available,Not available
Eritrea, 2014,ERN,200.00,15.58,13.01
Eritrea, 2012,Not available,Not available,Not available,Not available
Eritrea, 2010,Not available,Not available,Not available,Not available
Eritrea, 2008,Not available,Not available,Not available,Not available
Estonia, 2014,EUR,3.50,5.51,4.68
Estonia, 2012,Not available,Not available,Not available,Not available
Estonia, 2010,Not available,Not available,Not available,Not available
Estonia, 2008,Not available,Not available,Not available,Not available
Eswatini, 2014,SZL,48.00,8.97,4.48
Eswatini, 2012,Not available,Not available,Not available,Not available
Eswatini, 2010,Not available,Not available,Not available,Not available
Eswatini, 2008,Not available,Not available,Not available,Not available
Ethiopia, 2014,ETB,40.00,5.10,2.04
Ethiopia, 2012,Not available,Not available,Not available,Not available
Ethiopia, 2010,Not available,Not available,Not available,Not available
Ethiopia, 2008,Not available,Not available,Not available,Not available
Fiji, 2014,FJD,14.90,8.72,8.03
Fiji, 2012,Not available,Not available,Not available,Not available
Fiji, 2010,Not available,Not available,Not available,Not available
Fiji, 2008,Not available,Not available,Not available,Not available
Finland, 2014,EUR,6.00,5.99,8.03
Finland, 2012,Not available,Not available,Not available,Not available
Finland, 2010,Not available,Not available,Not available,Not available
Finland, 2008,Not available,Not available,Not available,Not available
France, 2014,EUR,7.00,7.76,9.37
France, 2012,Not available,Not available,Not available,Not available
France, 2010,Not available,Not available,Not available,Not available
France, 2008,Not available,Not available,Not available,Not available
Gabon, 2014,Not available,Not available,Not available,Not available
Gabon, 2012,Not available,Not available,Not available,Not available
Gabon, 2010,Not available,Not available,Not available,Not available
Gabon, 2008,Not available,Not available,Not available,Not available
Gambia, 2014,GMD,40.00,4.35,0.95
Gambia, 2012,Not available,Not available,Not available,Not available
Gambia, 2010,Not available,Not available,Not available,Not available
Gambia, 2008,Not available,Not available,Not available,Not available
Georgia, 2014,GEL,3.20,3.23,1.84
Georgia, 2012,Not available,Not available,Not available,Not available
Georgia, 2010,Not available,Not available,Not available,Not available
Georgia, 2008,Not available,Not available,Not available,Not available
Germany, 2014,EUR,5.47,6.45,7.32
Germany, 2012,Not available,Not available,Not available,Not available
Germany, 2010,Not available,Not available,Not available,Not available
Germany, 2008,Not available,Not available,Not available,Not available
Ghana, 2014,GHS,6.00,5.50,1.98
Ghana, 2012,Not available,Not available,Not available,Not available
Ghana, 2010,Not available,Not available,Not available,Not available
Ghana, 2008,Not available,Not available,Not available,Not available
Greece, 2014,EUR,4.00,5.95,5.35
Greece, 2012,Not available,Not available,Not available,Not available
Greece, 2010,Not available,Not available,Not available,Not available
Greece, 2008,Not available,Not available,Not available,Not available
Grenada, 2014,XCD,13.29,8.74,4.92
Grenada, 2012,Not available,Not available,Not available,Not available
Grenada, 2010,Not available,Not available,Not available,Not available
Grenada, 2008,Not available,Not available,Not available,Not available
Guatemala, 2014,GTQ,18.00,3.35,2.31
Guatemala, 2012,Not available,Not available,Not available,Not available
Guatemala, 2010,Not available,Not available,Not available,Not available
Guatemala, 2008,Not available,Not available,Not available,Not available
Guinea, 2014,Not available,Not available,Not available,Not available
Guinea, 2012,Not available,Not available,Not available,Not available
Guinea, 2010,Not available,Not available,Not available,Not available
Guinea, 2008,Not available,Not available,Not available,Not available
Guinea-Bissau, 2014,XOF,600.00,2.79,1.22
Guinea-Bissau, 2012,Not available,Not available,Not available,Not available
Guinea-Bissau, 2010,Not available,Not available,Not available,Not available
Guinea-Bissau, 2008,Not available,Not available,Not available,Not available
Guyana, 2014,GYD,500.00,5.19,2.42
Guyana, 2012,Not available,Not available,Not available,Not available
Guyana, 2010,Not available,Not available,Not available,Not available
Guyana, 2008,Not available,Not available,Not available,Not available
Haiti, 2014,Not available,Not available,Not available,Not available
Haiti, 2012,Not available,Not available,Not available,Not available
Haiti, 2010,Not available,Not available,Not available,Not available
Haiti, 2008,Not available,Not available,Not available,Not available
Honduras, 2014,HNL,38.00,3.76,1.81
Honduras, 2012,Not available,Not available,Not available,Not available
Honduras, 2010,Not available,Not available,Not available,Not available
Honduras, 2008,Not available,Not available,Not available,Not available
Hungary, 2014,HUF,1084.21,7.35,4.65
Hungary, 2012,Not available,Not available,Not available,Not available
Hungary, 2010,Not available,Not available,Not available,Not available
Hungary, 2008,Not available,Not available,Not available,Not available
Iceland, 2014,ISK,1219.00,8.89,10.59
Iceland, 2012,Not available,Not available,Not available,Not available
Iceland, 2010,Not available,Not available,Not available,Not available
Iceland, 2008,Not available,Not available,Not available,Not available
India, 2014,INR,190.00,8.06,3.15
India, 2012,Not available,Not available,Not available,Not available
India, 2010,Not available,Not available,Not available,Not available
India, 2008,Not available,Not available,Not available,Not available
Indonesia, 2014,IDR,15500.00,2.12,1.34
Indonesia, 2012,Not available,Not available,Not available,Not available
Indonesia, 2010,Not available,Not available,Not available,Not available
Indonesia, 2008,Not available,Not available,Not available,Not available
Iran (Islamic Republic of), 2014,IRR,100000.00,8.81,3.80
Iran (Islamic Republic of), 2012,Not available,Not available,Not available,Not available
Iran (Islamic Republic of), 2010,Not available,Not available,Not available,Not available
Iran (Islamic Republic of), 2008,Not available,Not available,Not available,Not available
Iraq, 2014,IQD,3500.00,3.34,3.00
Iraq, 2012,Not available,Not available,Not available,Not available
Iraq, 2010,Not available,Not available,Not available,Not available
Iraq, 2008,Not available,Not available,Not available,Not available
Ireland, 2014,EUR,9.60,11.16,12.84
Ireland, 2012,Not available,Not available,Not available,Not available
Ireland, 2010,Not available,Not available,Not available,Not available
Ireland, 2008,Not available,Not available,Not available,Not available
Israel, 2014,ILS,30.00,7.78,8.75
Israel, 2012,Not available,Not available,Not available,Not available
Israel, 2010,Not available,Not available,Not available,Not available
Israel, 2008,Not available,Not available,Not available,Not available
Italy, 2014,EUR,5.00,5.82,6.69
Italy, 2012,Not available,Not available,Not available,Not available
Italy, 2010,Not available,Not available,Not available,Not available
Italy, 2008,Not available,Not available,Not available,Not available
Jamaica, 2014,JMD,820.00,13.32,7.28
Jamaica, 2012,Not available,Not available,Not available,Not available
Jamaica, 2010,Not available,Not available,Not available,Not available
Jamaica, 2008,Not available,Not available,Not available,Not available
Japan, 2014,JPY,460.00,4.52,4.48
Japan, 2012,Not available,Not available,Not available,Not available
Japan, 2010,Not available,Not available,Not available,Not available
Japan, 2008,Not available,Not available,Not available,Not available
Jordan, 2014,JOD,1.80,2.92,2.54
Jordan, 2012,Not available,Not available,Not available,Not available
Jordan, 2010,Not available,Not available,Not available,Not available
Jordan, 2008,Not available,Not available,Not available,Not available
Kazakhstan, 2014,KZT,265.00,1.79,1.45
Kazakhstan, 2012,Not available,Not available,Not available,Not available
Kazakhstan, 2010,Not available,Not available,Not available,Not available
Kazakhstan, 2008,Not available,Not available,Not available,Not available
Kenya, 2014,KES,200.00,3.89,2.28
Kenya, 2012,Not available,Not available,Not available,Not available
Kenya, 2010,Not available,Not available,Not available,Not available
Kenya, 2008,Not available,Not available,Not available,Not available
Kiribati, 2014,AUD,5.00,19.53,4.66
Kiribati, 2012,Not available,Not available,Not available,Not available
Kiribati, 2010,Not available,Not available,Not available,Not available
Kiribati, 2008,Not available,Not available,Not available,Not available
Kuwait, 2014,KWD,0.75,2.34,2.65
Kuwait, 2012,Not available,Not available,Not available,Not available
Kuwait, 2010,Not available,Not available,Not available,Not available
Kuwait, 2008,Not available,Not available,Not available,Not available
Kyrgyzstan, 2014,KGS,50.00,2.03,0.97
Kyrgyzstan, 2012,Not available,Not available,Not available,Not available
Kyrgyzstan, 2010,Not available,Not available,Not available,Not available
Kyrgyzstan, 2008,Not available,Not available,Not available,Not available
Lao People's Democratic Republic, 2014,LAK,15000.00,3.62,1.86
Lao People's Democratic Republic, 2012,Not available,Not available,Not available,Not available
Lao People's Democratic Republic, 2010,Not available,Not available,Not available,Not available
Lao People's Democratic Republic, 2008,Not available,Not available,Not available,Not available
Latvia, 2014,EUR,3.30,7.86,4.42
Latvia, 2012,Not available,Not available,Not available,Not available
Latvia, 2010,Not available,Not available,Not available,Not available
Latvia, 2008,Not available,Not available,Not available,Not available
Lebanon, 2014,LBP,3250.00,3.22,2.16
Lebanon, 2012,Not available,Not available,Not available,Not available
Lebanon, 2010,Not available,Not available,Not available,Not available
Lebanon, 2008,Not available,Not available,Not available,Not available
Lesotho, 2014,Not available,Not available,Not available,Not available
Lesotho, 2012,Not available,Not available,Not available,Not available
Lesotho, 2010,Not available,Not available,Not available,Not available
Lesotho, 2008,Not available,Not available,Not available,Not available
Liberia, 2014,LRD,79.12,Not available,0.90
Liberia, 2012,Not available,Not available,Not available,Not available
Liberia, 2010,Not available,Not available,Not available,Not available
Liberia, 2008,Not available,Not available,Not available,Not available
Libya, 2014,LYD,4.00,3.58,3.17
Libya, 2012,Not available,Not available,Not available,Not available
Libya, 2010,Not available,Not available,Not available,Not available
Libya, 2008,Not available,Not available,Not available,Not available
Lithuania, 2014,LTL,10.20,5.79,3.96
Lithuania, 2012,Not available,Not available,Not available,Not available
Lithuania, 2010,Not available,Not available,Not available,Not available
Lithuania, 2008,Not available,Not available,Not available,Not available
Luxembourg, 2014,EUR,5.00,4.71,6.69
Luxembourg, 2012,Not available,Not available,Not available,Not available
Luxembourg, 2010,Not available,Not available,Not available,Not available
Luxembourg, 2008,Not available,Not available,Not available,Not available
Madagascar, 2014,MGA,10000.00,9.04,4.06
Madagascar, 2012,Not available,Not available,Not available,Not available
Madagascar, 2010,Not available,Not available,Not available,Not available
Madagascar, 2008,Not available,Not available,Not available,Not available
Malawi, 2014,MWK,1200.00,11.14,3.01
Malawi, 2012,Not available,Not available,Not available,Not available
Malawi, 2010,Not available,Not available,Not available,Not available
Malawi, 2008,Not available,Not available,Not available,Not available
Malaysia, 2014,MYR,12.00,6.22,3.76
Malaysia, 2012,Not available,Not available,Not available,Not available
Malaysia, 2010,Not available,Not available,Not available,Not available
Malaysia, 2008,Not available,Not available,Not available,Not available
Maldives, 2014,MVR,40.00,3.35,2.60
Maldives, 2012,Not available,Not available,Not available,Not available
Maldives, 2010,Not available,Not available,Not available,Not available
Maldives, 2008,Not available,Not available,Not available,Not available
Mali, 2014,XOF,700.00,2.36,1.43
Mali, 2012,Not available,Not available,Not available,Not available
Mali, 2010,Not available,Not available,Not available,Not available
Mali, 2008,Not available,Not available,Not available,Not available
Malta, 2014,EUR,4.80,7.77,6.42
Malta, 2012,Not available,Not available,Not available,Not available
Malta, 2010,Not available,Not available,Not available,Not available
Malta, 2008,Not available,Not available,Not available,Not available
Marshall Islands, 2014,USD,3.50,9.78,3.50
Marshall Islands, 2012,Not available,Not available,Not available,Not available
Marshall Islands, 2010,Not available,Not available,Not available,Not available
Marshall Islands, 2008,Not available,Not available,Not available,Not available
Mauritania, 2014,MRO,500.00,3.31,1.74
Mauritania, 2012,Not available,Not available,Not available,Not available
Mauritania, 2010,Not available,Not available,Not available,Not available
Mauritania, 2008,Not available,Not available,Not available,Not available
Mauritius, 2014,MUR,155.00,8.66,5.09
Mauritius, 2012,Not available,Not available,Not available,Not available
Mauritius, 2010,Not available,Not available,Not available,Not available
Mauritius, 2008,Not available,Not available,Not available,Not available
Mexico, 2014,MXN,45.00,5.08,3.45
Mexico, 2012,Not available,Not available,Not available,Not available
Mexico, 2010,Not available,Not available,Not available,Not available
Mexico, 2008,Not available,Not available,Not available,Not available
Micronesia (Federated States of), 2014,USD,3.50,7.97,3.50
Micronesia (Federated States of), 2012,Not available,Not available,Not available,Not available
Micronesia (Federated States of), 2010,Not available,Not available,Not available,Not available
Micronesia (Federated States of), 2008,Not available,Not available,Not available,Not available
Monaco, 2014,Not available,Not available,Not available,Not available
Monaco, 2012,Not available,Not available,Not available,Not available
Monaco, 2010,Not available,Not available,Not available,Not available
Monaco, 2008,Not available,Not available,Not available,Not available
Mongolia, 2014,MNT,3000.00,2.77,1.60
Mongolia, 2012,Not available,Not available,Not available,Not available
Mongolia, 2010,Not available,Not available,Not available,Not available
Mongolia, 2008,Not available,Not available,Not available,Not available
Montenegro, 2014,EUR,2.40,5.47,3.21
Montenegro, 2012,Not available,Not available,Not available,Not available
Montenegro, 2010,Not available,Not available,Not available,Not available
Montenegro, 2008,Not available,Not available,Not available,Not available
Morocco, 2014,MAD,32.00,6.43,3.83
Morocco, 2012,Not available,Not available,Not available,Not available
Morocco, 2010,Not available,Not available,Not available,Not available
Morocco, 2008,Not available,Not available,Not available,Not available
Mozambique, 2014,MZN,80.00,4.70,2.62
Mozambique, 2012,Not available,Not available,Not available,Not available
Mozambique, 2010,Not available,Not available,Not available,Not available
Mozambique, 2008,Not available,Not available,Not available,Not available
Myanmar, 2014,MMK,2300.00,4.54,2.37
Myanmar, 2012,Not available,Not available,Not available,Not available
Myanmar, 2010,Not available,Not available,Not available,Not available
Myanmar, 2008,Not available,Not available,Not available,Not available
Namibia, 2014,NAD,38.00,5.46,3.55
Namibia, 2012,Not available,Not available,Not available,Not available
Namibia, 2010,Not available,Not available,Not available,Not available
Namibia, 2008,Not available,Not available,Not available,Not available
Nauru, 2014,Not available,Not available,Not available,Not available
Nauru, 2012,Not available,Not available,Not available,Not available
Nauru, 2010,Not available,Not available,Not available,Not available
Nauru, 2008,Not available,Not available,Not available,Not available
Nepal, 2014,NPR,170.00,3.89,1.77
Nepal, 2012,Not available,Not available,Not available,Not available
Nepal, 2010,Not available,Not available,Not available,Not available
Nepal, 2008,Not available,Not available,Not available,Not available
Netherlands, 2014,EUR,6.32,7.40,8.45
Netherlands, 2012,Not available,Not available,Not available,Not available
Netherlands, 2010,Not available,Not available,Not available,Not available
Netherlands, 2008,Not available,Not available,Not available,Not available
New Zealand, 2014,NZD,18.80,11.30,15.95
New Zealand, 2012,Not available,Not available,Not available,Not available
New Zealand, 2010,Not available,Not available,Not available,Not available
New Zealand, 2008,Not available,Not available,Not available,Not available
Nicaragua, 2014,Not available,Not available,Not available,Not available
Nicaragua, 2012,Not available,Not available,Not available,Not available
Nicaragua, 2010,Not available,Not available,Not available,Not available
Nicaragua, 2008,Not available,Not available,Not available,Not available
Niger, 2014,XOF,1500.00,5.57,3.06
Niger, 2012,Not available,Not available,Not available,Not available
Niger, 2010,Not available,Not available,Not available,Not available
Niger, 2008,Not available,Not available,Not available,Not available
Nigeria, 2014,Not available,Not available,Not available,Not available
Nigeria, 2012,Not available,Not available,Not available,Not available
Nigeria, 2010,Not available,Not available,Not available,Not available
Nigeria, 2008,Not available,Not available,Not available,Not available
Niue, 2014,Not available,Not available,Not available,Not available
Niue, 2012,Not available,Not available,Not available,Not available
Niue, 2010,Not available,Not available,Not available,Not available
Niue, 2008,Not available,Not available,Not available,Not available
Norway, 2014,NOK,97.90,8.99,15.59
Norway, 2012,Not available,Not available,Not available,Not available
Norway, 2010,Not available,Not available,Not available,Not available
Norway, 2008,Not available,Not available,Not available,Not available
Oman, 2014,OMR,0.90,2.84,2.34
Oman, 2012,Not available,Not available,Not available,Not available
Oman, 2010,Not available,Not available,Not available,Not available
Oman, 2008,Not available,Not available,Not available,Not available
Pakistan, 2014,PKR,111.00,2.60,1.12
Pakistan, 2012,Not available,Not available,Not available,Not available
Pakistan, 2010,Not available,Not available,Not available,Not available
Pakistan, 2008,Not available,Not available,Not available,Not available
Palau, 2014,USD,5.25,8.69,5.25
Palau, 2012,Not available,Not available,Not available,Not available
Palau, 2010,Not available,Not available,Not available,Not available
Palau, 2008,Not available,Not available,Not available,Not available
Panama, 2014,PAB,4.50,6.78,4.50
Panama, 2012,Not available,Not available,Not available,Not available
Panama, 2010,Not available,Not available,Not available,Not available
Panama, 2008,Not available,Not available,Not available,Not available
Papua New Guinea, 2014,PGK,17.00,9.16,6.94
Papua New Guinea, 2012,Not available,Not available,Not available,Not available
Papua New Guinea, 2010,Not available,Not available,Not available,Not available
Papua New Guinea, 2008,Not available,Not available,Not available,Not available
Paraguay, 2014,PYG,8500.00,3.06,1.98
Paraguay, 2012,Not available,Not available,Not available,Not available
Paraguay, 2010,Not available,Not available,Not available,Not available
Paraguay, 2008,Not available,Not available,Not available,Not available
Peru, 2014,PEN,7.50,4.60,2.68
Peru, 2012,Not available,Not available,Not available,Not available
Peru, 2010,Not available,Not available,Not available,Not available
Peru, 2008,Not available,Not available,Not available,Not available
Philippines, 2014,PHP,55.00,2.11,1.27
Philippines, 2012,Not available,Not available,Not available,Not available
Philippines, 2010,Not available,Not available,Not available,Not available
Philippines, 2008,Not available,Not available,Not available,Not available
Poland, 2014,PLN,14.70,7.37,4.73
Poland, 2012,Not available,Not available,Not available,Not available
Poland, 2010,Not available,Not available,Not available,Not available
Poland, 2008,Not available,Not available,Not available,Not available
Portugal, 2014,EUR,4.50,6.70,6.02
Portugal, 2012,Not available,Not available,Not available,Not available
Portugal, 2010,Not available,Not available,Not available,Not available
Portugal, 2008,Not available,Not available,Not available,Not available
Qatar, 2014,QAR,10.00,2.76,2.75
Qatar, 2012,Not available,Not available,Not available,Not available
Qatar, 2010,Not available,Not available,Not available,Not available
Qatar, 2008,Not available,Not available,Not available,Not available
Republic of Korea, 2014,KRW,2700.00,3.39,2.63
Republic of Korea, 2012,Not available,Not available,Not available,Not available
Republic of Korea, 2010,Not available,Not available,Not available,Not available
Republic of Korea, 2008,Not available,Not available,Not available,Not available
Republic of Moldova, 2014,MDL,22.00,2.80,1.58
Republic of Moldova, 2012,Not available,Not available,Not available,Not available
Republic of Moldova, 2010,Not available,Not available,Not available,Not available
Republic of Moldova, 2008,Not available,Not available,Not available,Not available
Romania, 2014,RON,14.80,6.60,4.48
Romania, 2012,Not available,Not available,Not available,Not available
Romania, 2010,Not available,Not available,Not available,Not available
Romania, 2008,Not available,Not available,Not available,Not available
Russian Federation, 2014,RUB,87.00,3.15,2.44
Russian Federation, 2012,Not available,Not available,Not available,Not available
Russian Federation, 2010,Not available,Not available,Not available,Not available
Russian Federation, 2008,Not available,Not available,Not available,Not available
Rwanda, 2014,RWF,1000.00,3.26,1.46
Rwanda, 2012,Not available,Not available,Not available,Not available
Rwanda, 2010,Not available,Not available,Not available,Not available
Rwanda, 2008,Not available,Not available,Not available,Not available
Saint Kitts and Nevis, 2014,XCD,7.50,3.33,2.78
Saint Kitts and Nevis, 2012,Not available,Not available,Not available,Not available
Saint Kitts and Nevis, 2010,Not available,Not available,Not available,Not available
Saint Kitts and Nevis, 2008,Not available,Not available,Not available,Not available
Saint Lucia, 2014,XCD,16.68,10.12,6.18
Saint Lucia, 2012,Not available,Not available,Not available,Not available
Saint Lucia, 2010,Not available,Not available,Not available,Not available
Saint Lucia, 2008,Not available,Not available,Not available,Not available
Saint Vincent and the Grenadines, 2014,XCD,6.75,4.64,2.50
Saint Vincent and the Grenadines, 2012,Not available,Not available,Not available,Not available
Saint Vincent and the Grenadines, 2010,Not available,Not available,Not available,Not available
Saint Vincent and the Grenadines, 2008,Not available,Not available,Not available,Not available
Samoa, 2014,Not available,Not available,Not available,Not available
Samoa, 2012,Not available,Not available,Not available,Not available
Samoa, 2010,Not available,Not available,Not available,Not available
Samoa, 2008,Not available,Not available,Not available,Not available
San Marino, 2014,EUR,4.50,4.68,6.02
San Marino, 2012,Not available,Not available,Not available,Not available
San Marino, 2010,Not available,Not available,Not available,Not available
San Marino, 2008,Not available,Not available,Not available,Not available
Sao Tome and Principe, 2014,STD,60000.00,4.16,3.28
Sao Tome and Principe, 2012,Not available,Not available,Not available,Not available
Sao Tome and Principe, 2010,Not available,Not available,Not available,Not available
Sao Tome and Principe, 2008,Not available,Not available,Not available,Not available
Saudi Arabia, 2014,SAR,10.00,3.42,2.67
Saudi Arabia, 2012,Not available,Not available,Not available,Not available
Saudi Arabia, 2010,Not available,Not available,Not available,Not available
Saudi Arabia, 2008,Not available,Not available,Not available,Not available
Senegal, 2014,XOF,700.00,2.57,1.43
Senegal, 2012,Not available,Not available,Not available,Not available
Senegal, 2010,Not available,Not available,Not available,Not available
Senegal, 2008,Not available,Not available,Not available,Not available
Serbia, 2014,RSD,260.00,5.69,2.98
Serbia, 2012,Not available,Not available,Not available,Not available
Serbia, 2010,Not available,Not available,Not available,Not available
Serbia, 2008,Not available,Not available,Not available,Not available
Seychelles, 2014,SCR,93.00,13.19,7.56
Seychelles, 2012,Not available,Not available,Not available,Not available
Seychelles, 2010,Not available,Not available,Not available,Not available
Seychelles, 2008,Not available,Not available,Not available,Not available
Sierra Leone, 2014,SLL,6500.00,2.80,1.44
Sierra Leone, 2012,Not available,Not available,Not available,Not available
Sierra Leone, 2010,Not available,Not available,Not available,Not available
Sierra Leone, 2008,Not available,Not available,Not available,Not available
Singapore, 2014,SGD,13.00,12.31,10.44
Singapore, 2012,Not available,Not available,Not available,Not available
Singapore, 2010,Not available,Not available,Not available,Not available
Singapore, 2008,Not available,Not available,Not available,Not available
Slovakia, 2014,EUR,3.37,6.26,4.51
Slovakia, 2012,Not available,Not available,Not available,Not available
Slovakia, 2010,Not available,Not available,Not available,Not available
Slovakia, 2008,Not available,Not available,Not available,Not available
Slovenia, 2014,EUR,3.90,6.39,5.22
Slovenia, 2012,Not available,Not available,Not available,Not available
Slovenia, 2010,Not available,Not available,Not available,Not available
Slovenia, 2008,Not available,Not available,Not available,Not available
Solomon Islands, 2014,Not available,Not available,Not available,Not available
Solomon Islands, 2012,Not available,Not available,Not available,Not available
Solomon Islands, 2010,Not available,Not available,Not available,Not available
Solomon Islands, 2008,Not available,Not available,Not available,Not available
Somalia, 2014,Not available,Not available,Not available,Not available
Somalia, 2012,Not available,Not available,Not available,Not available
Somalia, 2010,Not available,Not available,Not available,Not available
Somalia, 2008,Not available,Not available,Not available,Not available
South Africa, 2014,ZAR,33.60,5.67,3.14
South Africa, 2012,Not available,Not available,Not available,Not available
South Africa, 2010,Not available,Not available,Not available,Not available
South Africa, 2008,Not available,Not available,Not available,Not available
South Sudan, 2014,Not available,Not available,Not available,Not available
South Sudan, 2012,Not available,Not available,Not available,Not available
South Sudan, 2010,Not applicable,Not applicable,Not applicable,Not applicable
South Sudan, 2008,Not applicable,Not applicable,Not applicable,Not applicable
Spain, 2014,EUR,4.95,6.82,6.62
Spain, 2012,Not available,Not available,Not available,Not available
Spain, 2010,Not available,Not available,Not available,Not available
Spain, 2008,Not available,Not available,Not available,Not available
Sri Lanka, 2014,LKR,700.00,10.78,5.38
Sri Lanka, 2012,Not available,Not available,Not available,Not available
Sri Lanka, 2010,Not available,Not available,Not available,Not available
Sri Lanka, 2008,Not available,Not available,Not available,Not available
Sudan, 2014,SDG,24.00,5.74,4.21
Sudan, 2012,Not available,Not available,Not available,Not available
Sudan, 2010,Not available,Not available,Not available,Not available
Sudan, 2008,Not available,Not available,Not available,Not available
Suriname, 2014,SRD,13.00,5.61,3.94
Suriname, 2012,Not available,Not available,Not available,Not available
Suriname, 2010,Not available,Not available,Not available,Not available
Suriname, 2008,Not available,Not available,Not available,Not available
Sweden, 2014,SEK,58.95,6.50,8.55
Sweden, 2012,Not available,Not available,Not available,Not available
Sweden, 2010,Not available,Not available,Not available,Not available
Sweden, 2008,Not available,Not available,Not available,Not available
Switzerland, 2014,CHF,8.40,5.21,9.24
Switzerland, 2012,Not available,Not available,Not available,Not available
Switzerland, 2010,Not available,Not available,Not available,Not available
Switzerland, 2008,Not available,Not available,Not available,Not available
Syrian Arab Republic, 2014,Not available,Not available,Not available,Not available
Syrian Arab Republic, 2012,Not available,Not available,Not available,Not available
Syrian Arab Republic, 2010,Not available,Not available,Not available,Not available
Syrian Arab Republic, 2008,Not available,Not available,Not available,Not available
Tajikistan, 2014,TJS,12.00,5.42,2.42
Tajikistan, 2012,Not available,Not available,Not available,Not available
Tajikistan, 2010,Not available,Not available,Not available,Not available
Tajikistan, 2008,Not available,Not available,Not available,Not available
Thailand, 2014,THB,90.00,5.07,2.81
Thailand, 2012,Not available,Not available,Not available,Not available
Thailand, 2010,Not available,Not available,Not available,Not available
Thailand, 2008,Not available,Not available,Not available,Not available
Republic of North Macedonia, 2014,Not available,Not available,Not available,Not available
Republic of North Macedonia, 2012,Not available,Not available,Not available,Not available
Republic of North Macedonia, 2010,Not available,Not available,Not available,Not available
Republic of North Macedonia, 2008,Not available,Not available,Not available,Not available
Timor-Leste, 2014,USD,2.00,10.00,2.00
Timor-Leste, 2012,Not available,Not available,Not available,Not available
Timor-Leste, 2010,Not available,Not available,Not available,Not available
Timor-Leste, 2008,Not available,Not available,Not available,Not available
Togo, 2014,XOF,1000.00,3.40,2.04
Togo, 2012,Not available,Not available,Not available,Not available
Togo, 2010,Not available,Not available,Not available,Not available
Togo, 2008,Not available,Not available,Not available,Not available
Tonga, 2014,TOP,10.00,9.77,5.51
Tonga, 2012,Not available,Not available,Not available,Not available
Tonga, 2010,Not available,Not available,Not available,Not available
Tonga, 2008,Not available,Not available,Not available,Not available
Trinidad and Tobago, 2014,TTD,25.00,3.82,3.91
Trinidad and Tobago, 2012,Not available,Not available,Not available,Not available
Trinidad and Tobago, 2010,Not available,Not available,Not available,Not available
Trinidad and Tobago, 2008,Not available,Not available,Not available,Not available
Tunisia, 2014,TND,5.45,7.43,3.17
Tunisia, 2012,Not available,Not available,Not available,Not available
Tunisia, 2010,Not available,Not available,Not available,Not available
Tunisia, 2008,Not available,Not available,Not available,Not available
Turkey, 2014,TRY,10.00,7.02,4.78
Turkey, 2012,Not available,Not available,Not available,Not available
Turkey, 2010,Not available,Not available,Not available,Not available
Turkey, 2008,Not available,Not available,Not available,Not available
Turkmenistan, 2014,TMT,13.00,5.86,4.56
Turkmenistan, 2012,Not available,Not available,Not available,Not available
Turkmenistan, 2010,Not available,Not available,Not available,Not available
Turkmenistan, 2008,Not available,Not available,Not available,Not available
Tuvalu, 2014,AUD,5.07,5.08,4.73
Tuvalu, 2012,Not available,Not available,Not available,Not available
Tuvalu, 2010,Not available,Not available,Not available,Not available
Tuvalu, 2008,Not available,Not available,Not available,Not available
Uganda, 2014,UGX,6000.00,5.20,2.29
Uganda, 2012,Not available,Not available,Not available,Not available
Uganda, 2010,Not available,Not available,Not available,Not available
Uganda, 2008,Not available,Not available,Not available,Not available
Ukraine, 2014,UAH,18.00,4.18,1.49
Ukraine, 2012,Not available,Not available,Not available,Not available
Ukraine, 2010,Not available,Not available,Not available,Not available
Ukraine, 2008,Not available,Not available,Not available,Not available
United Arab Emirates, 2014,AED,10.00,1.90,2.72
United Arab Emirates, 2012,Not available,Not available,Not available,Not available
United Arab Emirates, 2010,Not available,Not available,Not available,Not available
United Arab Emirates, 2008,Not available,Not available,Not available,Not available
United Kingdom of Great Britain and Northern Ireland, 2014,GBP,9.00,13.18,15.19
United Kingdom of Great Britain and Northern Ireland, 2012,Not available,Not available,Not available,Not available
United Kingdom of Great Britain and Northern Ireland, 2010,Not available,Not available,Not available,Not available
United Kingdom of Great Britain and Northern Ireland, 2008,Not available,Not available,Not available,Not available
United Republic of Tanzania, 2014,TZS,5000.00,7.30,3.02
United Republic of Tanzania, 2012,Not available,Not available,Not available,Not available
United Republic of Tanzania, 2010,Not available,Not available,Not available,Not available
United Republic of Tanzania, 2008,Not available,Not available,Not available,Not available
United States of America, 2014,Not applicable,Not applicable,Not applicable,Not applicable
United States of America, 2012,Not available,Not available,Not available,Not available
United States of America, 2010,Not available,Not available,Not available,Not available
United States of America, 2008,Not available,Not available,Not available,Not available
Uruguay, 2014,UYU,85.00,3.95,3.65
Uruguay, 2012,Not available,Not available,Not available,Not available
Uruguay, 2010,Not available,Not available,Not available,Not available
Uruguay, 2008,Not available,Not available,Not available,Not available
Uzbekistan, 2014,UZS,5000.00,4.36,2.14
Uzbekistan, 2012,Not available,Not available,Not available,Not available
Uzbekistan, 2010,Not available,Not available,Not available,Not available
Uzbekistan, 2008,Not available,Not available,Not available,Not available
Vanuatu, 2014,VUV,760.00,12.56,7.97
Vanuatu, 2012,Not available,Not available,Not available,Not available
Vanuatu, 2010,Not available,Not available,Not available,Not available
Vanuatu, 2008,Not available,Not available,Not available,Not available
Venezuela (Bolivarian Republic of), 2014,VEF,95.00,15.97,15.12
Venezuela (Bolivarian Republic of), 2012,Not available,Not available,Not available,Not available
Venezuela (Bolivarian Republic of), 2010,Not available,Not available,Not available,Not available
Venezuela (Bolivarian Republic of), 2008,Not available,Not available,Not available,Not available
Viet Nam, 2014,VND,22750.00,2.18,1.07
Viet Nam, 2012,Not available,Not available,Not available,Not available
Viet Nam, 2010,Not available,Not available,Not available,Not available
Viet Nam, 2008,Not available,Not available,Not available,Not available
Yemen, 2014,YER,300.00,2.05,1.40
Yemen, 2012,Not available,Not available,Not available,Not available
Yemen, 2010,Not available,Not available,Not available,Not available
Yemen, 2008,Not available,Not available,Not available,Not available
Zambia, 2014,ZMW,30.00,6.00,4.89
Zambia, 2012,Not available,Not available,Not available,Not available
Zambia, 2010,Not available,Not available,Not available,Not available
Zambia, 2008,Not available,Not available,Not available,Not available
Zimbabwe, 2014,USD,2.00,1.61,2.00
Zimbabwe, 2012,Not available,Not available,Not available,Not available
Zimbabwe, 2010,Not available,Not available,Not available,Not available
Zimbabwe, 2008,Not available,Not available,Not available,Not available
