"Country","Year","National smoking ban: NUMBER OF PLACES SMOKE-FREE","National smoking ban: FINES FOR VIOLATIONS","National smoking ban: FINES ON THE ESTABLISHMENT","National smoking ban: FINES ON THE PATRON","National smoking ban: DEDICATED FUNDS FOR ENFORCEMENT","National smoking ban: CITIZEN COMPLAINTS AND INVESTIGATIONS","Subnational smoking bans - authority exists","Comprehensive bans in place subnationally"
"Afghanistan","2014","3","No","Not applicable","Not applicable","No","No","No","Not applicable"
"Afghanistan","2012","3","No","Not applicable","Not applicable","No","No","No","Not applicable"
"Afghanistan","2010","3","No","Not applicable","Not applicable","No","No","No","Not applicable"
"Afghanistan","2007","3","No","Not applicable","Not applicable","No","No","No","No"
"Albania","2014","8","Yes","Yes","Yes","No","No","No","Not applicable"
"Albania","2012","8","No","Not applicable","Not applicable","No","No","No","Not applicable"
"Albania","2010","8","No","Not applicable","Not applicable","No","No","No","Not applicable"
"Albania","2007","8","No","Not applicable","Not applicable","No","No","No","Not applicable"
"Algeria","2014","3","No","Not applicable","Not applicable","No","No","No","Not applicable"
"Algeria","2012","3","No","Not applicable","Not applicable","No","No","No","Not applicable"
"Algeria","2010","3","No","Not applicable","Not applicable","No","No","No","Not applicable"
"Algeria","2007","3","No","Not applicable","Not applicable","No","No","No","No"
"Andorra","2014","5","Yes","Yes","Yes","No","Yes","No","Not applicable"
"Andorra","2012","5","Yes","Yes","Yes","No","Yes","No","Not applicable"
"Andorra","2010","0","Yes","No","Yes","No","No","No","Not applicable"
"Andorra","2007","0","Yes","No","Yes","No","No","No","No"
"Angola","2014","0","No","Not applicable","Not applicable","No","No","No","Not applicable"
"Angola","2012","0","No","Not applicable","Not applicable","No","No","No","Not applicable"
"Angola","2010","0","No","Not applicable","Not applicable","No","No","No","Not applicable"
"Angola","2007","0","No","Not applicable","Not applicable","No","No","No","No"
"Antigua and Barbuda","2014","1","No","Not applicable","Not applicable","No","No","No","Not applicable"
"Antigua and Barbuda","2012","1","No","Not applicable","Not applicable","No","No","No","Not applicable"
"Antigua and Barbuda","2010","1","No","Not applicable","Not applicable","No","No","No","Not applicable"
"Antigua and Barbuda","2007","0","No","Not applicable","Not applicable","No","No","No","No"
"Argentina","2014","8","Yes","Yes","No","Yes","Yes","Yes","No"
"Argentina","2012","8","Yes","Yes","No","Yes","Yes","Yes","Not applicable"
"Argentina","2010","0","No","Not applicable","Not applicable","Yes","No","Yes","No"
"Argentina","2007","0","No","Not applicable","Not applicable","Yes","No","Yes","No"
"Armenia","2014","3","Yes","No","Yes","No","No","No","Not applicable"
"Armenia","2012","3","Yes","No","Yes","No","No","No","Not applicable"
"Armenia","2010","3","Yes","No","Yes","No","No","No","Not applicable"
"Armenia","2007","3","Yes","No","Yes","No","No","No","No"
"Australia","2014","8","No","Not applicable","Not applicable","No","No","Yes","Yes"
"Australia","2012","0","No","Not applicable","Not applicable","No","No","Yes","Yes"
"Australia","2010","0","No","Not applicable","Not applicable","No","No","Yes","Yes"
"Australia","2007","0","No","Not applicable","Not applicable","No","No","Yes","Yes"
"Austria","2014","1","Yes","Yes","Yes","No","Yes","Yes","No"
"Austria","2012","1","Yes","Yes","Yes","No","Yes","Yes","No"
"Austria","2010","1","Yes","Yes","Yes","No","Yes","Yes","No"
"Austria","2007","0","No","Not applicable","Not applicable","No","Yes","Yes","Not available"
"Azerbaijan","2014","3","No","Not applicable","Not applicable","Yes","Yes","No","Not applicable"
"Azerbaijan","2012","3","No","Not applicable","Not applicable","Yes","Yes","No","Not applicable"
"Azerbaijan","2010","3","No","Not applicable","Not applicable","Yes","Yes","No","Not applicable"
"Azerbaijan","2007","3","No","Not applicable","Not applicable","Yes","Yes","No","No"
"Bahamas","2014","0","No","Not applicable","Not applicable","No","No","No","Not applicable"
"Bahamas","2012","0","No","Not applicable","Not applicable","No","No","No","Not applicable"
"Bahamas","2010","0","No","Not applicable","Not applicable","No","No","No","Not applicable"
"Bahamas","2007","0","No","Not applicable","Not applicable","No","No","No","No"
"Bahrain","2014","0","Yes","Yes","Yes","No","Yes","No","Not applicable"
"Bahrain","2012","0","Yes","Yes","Yes","No","Yes","No","Not applicable"
"Bahrain","2010","0","Yes","Yes","Yes","No","No","No","Not applicable"
"Bahrain","2007","0","No","Not applicable","Not applicable","No","No","No","No"
"Bangladesh","2014","2","Yes","No","Yes","No","No","No","Not applicable"
"Bangladesh","2012","2","Yes","No","Yes","No","No","No","Not applicable"
"Bangladesh","2010","2","Yes","No","Yes","No","No","No","Not applicable"
"Bangladesh","2007","2","Yes","No","Yes","No","No","No","No"
"Barbados","2014","8","Yes","Yes","Yes","No","No","No","Not applicable"
"Barbados","2012","8","Yes","Yes","Yes","No","No","No","Not applicable"
"Barbados","2010","8","Yes","Yes","Yes","No","No","No","Not applicable"
"Barbados","2007","0","No","Not applicable","Not applicable","No","No","No","No"
"Belarus","2014","0","Yes","No","Yes","No","Yes","No","Not applicable"
"Belarus","2012","0","Yes","No","Yes","No","Yes","No","Not applicable"
"Belarus","2010","0","Yes","No","Yes","No","Yes","No","Not applicable"
"Belarus","2007","0","Yes","No","Yes","No","Yes","No","No"
"Belgium","2014","1","Yes","Yes","Yes","Yes","Yes","Yes","No"
"Belgium","2012","1","Yes","Yes","Yes","Yes","Yes","Yes","No"
"Belgium","2010","1","Yes","Yes","Yes","Yes","Yes","Yes","No"
"Belgium","2007","5","No","Not applicable","Not applicable","Yes","No","Yes","Not available"
"Belize","2014","0","No","Not applicable","Not applicable","No","No","No","Not applicable"
"Belize","2012","0","No","Not applicable","Not applicable","No","No","No","Not applicable"
"Belize","2010","0","No","Not applicable","Not applicable","No","No","No","Not applicable"
"Belize","2007","0","No","Not applicable","Not applicable","No","No","No","No"
"Benin","2014","6","Yes","Yes","Yes","No","Yes","No","Not applicable"
"Benin","2012","6","Yes","Yes","Yes","No","Yes","No","Not applicable"
"Benin","2010","4","Yes","Yes","Yes","No","Yes","No","Not applicable"
"Benin","2007","4","Yes","Yes","Yes","No","Yes","No","No"
"Bhutan","2014","8","Yes","Yes","Yes","Yes","Yes","No","Not applicable"
"Bhutan","2012","8","Yes","Yes","Yes","Yes","Yes","No","Not applicable"
"Bhutan","2010","8","Yes","Yes","Yes","Yes","Yes","No","Not applicable"
"Bhutan","2007","7","No","Not applicable","Not applicable","No","No","No","Not applicable"
"Bolivia (Plurinational State of)","2014","4","Yes","Yes","No","No","No","No","Not applicable"
"Bolivia (Plurinational State of)","2012","4","Yes","Yes","No","No","No","No","Not applicable"
"Bolivia (Plurinational State of)","2010","4","Yes","Yes","No","No","No","No","Not applicable"
"Bolivia (Plurinational State of)","2007","4","Yes","Yes","No","No","No","No","No"
"Bosnia and Herzegovina","2014","0","Yes","Yes","Yes","No","No","Yes","No"
"Bosnia and Herzegovina","2012","0","Yes","Yes","Yes","No","No","Yes","No"
"Bosnia and Herzegovina","2010","0","Yes","Yes","Yes","No","No","Yes","No"
"Bosnia and Herzegovina","2007","0","Yes","Yes","Yes","No","No","Yes","No"
"Botswana","2014","0","Yes","Yes","Yes","No","Yes","No","Not applicable"
"Botswana","2012","0","Yes","Yes","Yes","No","Yes","No","Not applicable"
"Botswana","2010","0","Yes","Yes","Yes","No","Yes","No","Not applicable"
"Botswana","2007","0","Yes","Yes","Yes","No","Yes","No","No"
"Brazil","2014","8","Yes","Yes","No","No","Yes","Yes","No"
"Brazil","2012","8","Yes","Yes","No","No","Yes","Yes","Not applicable"
"Brazil","2010","1","Yes","Yes","No","No","Yes","Yes","No"
"Brazil","2007","1","Yes","Yes","No","No","Yes","Yes","No"
"Brunei Darussalam","2014","8","Yes","Yes","Yes","No","Yes","No","Not applicable"
"Brunei Darussalam","2012","8","Yes","Yes","Yes","No","Yes","No","Not applicable"
"Brunei Darussalam","2010","7","Yes","Yes","Yes","No","Yes","No","Not applicable"
"Brunei Darussalam","2007","7","Yes","Yes","Yes","No","Yes","No","No"
"Bulgaria","2014","8","Yes","No","Yes","Yes","Yes","No","Not applicable"
"Bulgaria","2012","8","Yes","No","Yes","Yes","Yes","No","Not applicable"
"Bulgaria","2010","0","Yes","No","Yes","Yes","Yes","No","Not applicable"
"Bulgaria","2007","2","Yes","No","Yes","Yes","Yes","No","No"
"Burkina Faso","2014","8","Yes","No","Yes","Yes","No","No","Not applicable"
"Burkina Faso","2012","8","Yes","No","Yes","Yes","No","No","Not applicable"
"Burkina Faso","2010","8","Yes","No","Yes","Yes","No","No","Not applicable"
"Burkina Faso","2007","1","Yes","No","Yes","No","No","No","No"
"Burundi","2014","0","No","Not applicable","Not applicable","No","No","No","Not applicable"
"Burundi","2012","0","No","Not applicable","Not applicable","No","No","No","Not applicable"
"Burundi","2010","0","No","Not applicable","Not applicable","No","No","No","Not applicable"
"Burundi","2007","0","No","Not applicable","Not applicable","No","No","No","No"
"Cabo Verde","2014","1","Yes","No","Yes","Yes","No","No","Not applicable"
"Cabo Verde","2012","1","Yes","No","Yes","Yes","No","No","Not applicable"
"Cabo Verde","2010","1","Yes","No","Yes","Yes","No","No","Not applicable"
"Cabo Verde","2007","1","Yes","No","Yes","Yes","No","No","No"
"Cambodia","2014","7","No","Not applicable","Not applicable","No","No","No","Not applicable"
"Cambodia","2012","0","No","Not applicable","Not applicable","No","No","No","Not applicable"
"Cambodia","2010","0","No","Not applicable","Not applicable","No","No","No","Not applicable"
"Cambodia","2007","0","No","Not applicable","Not applicable","No","No","No","No"
"Cameroon","2014","3","No","Not applicable","Not applicable","No","No","No","Not applicable"
"Cameroon","2012","3","No","Not applicable","Not applicable","No","No","No","Not applicable"
"Cameroon","2010","2","No","Not applicable","Not applicable","No","No","No","Not applicable"
"Cameroon","2007","2","No","Not applicable","Not applicable","No","No","No","No"
"Canada","2014","8","Yes","Yes","Yes","Yes","Yes","Yes","Yes"
"Canada","2012","1","Yes","Yes","Yes","Yes","Yes","Yes","Yes"
"Canada","2010","1","Yes","Yes","Yes","Yes","Yes","Yes","Yes"
"Canada","2007","1","Yes","Yes","Yes","Yes","Yes","Yes","Yes"
"Central African Republic","2014","0","No","Not applicable","Not applicable","No","No","Yes","No"
"Central African Republic","2012","0","No","Not applicable","Not applicable","No","No","Yes","No"
"Central African Republic","2010","0","No","Not applicable","Not applicable","No","No","Yes","No"
"Central African Republic","2007","0","No","Not applicable","Not applicable","No","No","Yes","No"
"Chad","2014","8","Yes","Yes","Yes","No","Yes","No","Not applicable"
"Chad","2012","8","Yes","Yes","Yes","No","Yes","No","Not applicable"
"Chad","2010","8","Yes","Yes","Yes","No","Yes","No","Not applicable"
"Chad","2007","0","No","Not applicable","Not applicable","No","No","No","No"
"Chile","2014","8","Yes","Yes","Yes","No","Yes","No","Not applicable"
"Chile","2012","3","Yes","Yes","Yes","No","Yes","No","Not applicable"
"Chile","2010","3","Yes","Yes","Yes","No","Yes","No","Not applicable"
"Chile","2007","3","Yes","Yes","Yes","No","Yes","No","No"
"China","2014","1","No","Not applicable","Not applicable","No","No","Yes","Yes"
"China","2012","1","No","Not applicable","Not applicable","No","No","Yes","Yes"
"China","2010","1","No","Not applicable","Not applicable","No","No","Yes","Yes"
"China","2007","1","No","Not applicable","Not applicable","No","No","Yes","Yes"
"Colombia","2014","8","Yes","Yes","Yes","No","Yes","Yes","No"
"Colombia","2012","8","Yes","Yes","Yes","No","Yes","Yes","Not applicable"
"Colombia","2010","8","Yes","Yes","Yes","No","Yes","Yes","Not applicable"
"Colombia","2007","0","No","Not applicable","Not applicable","No","No","No","Not available"
"Comoros","2014","5","Yes","No","Yes","No","No","No","Not applicable"
"Comoros","2012","1","Yes","No","Yes","No","No","No","No"
"Comoros","2010","1","Yes","No","Yes","No","No","No","Not applicable"
"Comoros","2007","0","No","Not applicable","Not applicable","No","No","No","No"
"Congo","2014","8","Yes","No","Yes","Yes","No","No","Not applicable"
"Congo","2012","8","Yes","No","Yes","Yes","No","No","Not applicable"
"Congo","2010","0","No","Not applicable","Not applicable","No","No","No","Not applicable"
"Congo","2007","0","No","Not applicable","Not applicable","No","No","No","No"
"Cook Islands","2014","3","Yes","Yes","No","No","No","No","Not applicable"
"Cook Islands","2012","3","Yes","Yes","No","No","No","No","Not applicable"
"Cook Islands","2010","3","Yes","Yes","No","No","No","No","Not applicable"
"Cook Islands","2007","1","Yes","Yes","No","No","No","No","No"
"Costa Rica","2014","8","Yes","Yes","Yes","Yes","Yes","NA","Not applicable"
"Costa Rica","2012","8","Yes","Yes","Yes","Yes","Yes","NA","Not applicable"
"Costa Rica","2010","1","Yes","Yes","No","No","Yes","NA","Not applicable"
"Costa Rica","2007","1","Yes","Yes","No","No","Yes","NA","No"
"C么te d'Ivoire","2014","0","Yes","Yes","Yes","No","No","No","Not applicable"
"C么te d'Ivoire","2012","0","Yes","Yes","Yes","No","No","No","Not applicable"
"C么te d'Ivoire","2010","2","No","Not applicable","Not applicable","No","No","No","Not applicable"
"C么te d'Ivoire","2007","2","No","Not applicable","Not applicable","No","No","No","No"
"Croatia","2014","3","Yes","Yes","Yes","Yes","No","No","Not applicable"
"Croatia","2012","3","Yes","Yes","Yes","Yes","No","No","Not applicable"
"Croatia","2010","3","Yes","Yes","Yes","Yes","No","No","Not applicable"
"Croatia","2007","0","Yes","Yes","Yes","No","No","No","No"
"Cuba","2014","4","No","Not applicable","Not applicable","No","No","No","Not applicable"
"Cuba","2012","4","No","Not applicable","Not applicable","No","No","No","Not applicable"
"Cuba","2010","4","No","Not applicable","Not applicable","No","No","No","Not applicable"
"Cuba","2007","4","No","Not applicable","Not applicable","No","No","No","No"
"Cyprus","2014","6","Yes","Yes","Yes","No","No","No","Not applicable"
"Cyprus","2012","6","Yes","Yes","Yes","No","No","No","Not applicable"
"Cyprus","2010","6","Yes","Yes","Yes","No","No","No","Not applicable"
"Cyprus","2007","0","Yes","Yes","Yes","No","No","No","No"
"Czechia","2014","3","Yes","Yes","Yes","No","No","No","Not applicable"
"Czechia","2012","3","Yes","Yes","Yes","No","No","No","Not applicable"
"Czechia","2010","3","Yes","Yes","Yes","No","No","No","Not applicable"
"Czechia","2007","3","Yes","Yes","Yes","No","No","No","No"
"Democratic People's Republic of Korea","2014","3","No","Not applicable","Not applicable","No","No","No","Not applicable"
"Democratic People's Republic of Korea","2012","3","No","Not applicable","Not applicable","No","No","No","Not applicable"
"Democratic People's Republic of Korea","2010","3","No","Not applicable","Not applicable","No","No","No","Not applicable"
"Democratic People's Republic of Korea","2007","0","No","Not applicable","Not applicable","No","No","No","No"
"Democratic Republic of the Congo","2014","4","Yes","No","Yes","No","No","No","Not applicable"
"Democratic Republic of the Congo","2012","4","Yes","No","Yes","No","No","No","Not applicable"
"Democratic Republic of the Congo","2010","4","Yes","No","Yes","No","No","No","Not applicable"
"Democratic Republic of the Congo","2007","4","Yes","No","Yes","No","No","No","No"
"Denmark","2014","1","Yes","Yes","No","No","No","No","Not applicable"
"Denmark","2012","1","Yes","Yes","No","No","No","No","Not applicable"
"Denmark","2010","0","Yes","Yes","No","No","No","No","Not applicable"
"Denmark","2007","0","Yes","Yes","No","No","No","No","No"
"Djibouti","2014","6","Yes","Yes","Yes","No","No","No","Not applicable"
"Djibouti","2012","6","Yes","Yes","Yes","No","No","No","Not applicable"
"Djibouti","2010","6","Yes","Yes","Yes","No","No","No","Not applicable"
"Djibouti","2007","6","Yes","Yes","Yes","No","No","No","No"
"Dominica","2014","0","No","Not applicable","Not applicable","No","No","No","Not applicable"
"Dominica","2012","0","No","Not applicable","Not applicable","No","No","No","Not applicable"
"Dominica","2010","0","No","Not applicable","Not applicable","No","No","No","Not applicable"
"Dominica","2007","0","No","Not applicable","Not applicable","No","No","No","No"
"Dominican Republic","2014","2","Yes","Yes","No","No","No","No","Not applicable"
"Dominican Republic","2012","2","Yes","Yes","No","No","No","No","Not applicable"
"Dominican Republic","2010","2","Yes","Yes","No","No","No","No","Not applicable"
"Dominican Republic","2007","2","Yes","Yes","No","No","No","No","No"
"Ecuador","2014","8","Yes","Yes","Yes","Yes","Yes","No","Not applicable"
"Ecuador","2012","8","Yes","Yes","Yes","Yes","Yes","No","Not applicable"
"Ecuador","2010","6","Yes","No","Yes","No","No","No","Not applicable"
"Ecuador","2007","6","Yes","No","Yes","No","No","No","No"
"Egypt","2014","5","Yes","Yes","Yes","No","Yes","Yes","No"
"Egypt","2012","5","Yes","Yes","Yes","No","Yes","Yes","No"
"Egypt","2010","5","Yes","Yes","Yes","No","Yes","Yes","No"
"Egypt","2007","5","Yes","Yes","Yes","No","No","Yes","No"
"El Salvador","2014","0","Yes","No","Yes","No","No","No","Not applicable"
"El Salvador","2012","0","Yes","No","Yes","No","No","No","Not applicable"
"El Salvador","2010","3","No","Not applicable","Not applicable","No","No","No","Not applicable"
"El Salvador","2007","3","No","Not applicable","Not applicable","No","No","No","No"
"Equatorial Guinea","2014","0","No","Not applicable","Not applicable","No","No","No","Not applicable"
"Equatorial Guinea","2012","0","No","Not applicable","Not applicable","No","No","No","Not applicable"
"Equatorial Guinea","2010","0","No","Not applicable","Not applicable","No","No","No","Not applicable"
"Equatorial Guinea","2007","0","No","Not applicable","Not applicable","No","No","No","No"
"Eritrea","2014","0","Yes","Yes","Yes","No","No","No","Not applicable"
"Eritrea","2012","0","Yes","Yes","Yes","No","No","No","Not applicable"
"Eritrea","2010","0","Yes","Yes","Yes","No","No","No","Not applicable"
"Eritrea","2007","0","Yes","Yes","Yes","No","No","No","No"
"Estonia","2014","1","Yes","Yes","Yes","Yes","Yes","No","Not applicable"
"Estonia","2012","1","Yes","Yes","Yes","Yes","Yes","No","Not applicable"
"Estonia","2010","1","Yes","Yes","Yes","Yes","Yes","No","Not applicable"
"Estonia","2007","1","Yes","Yes","Yes","Yes","Yes","No","No"
"Eswatini","2014","0","No","Not applicable","Not applicable","Yes","No","No","Not applicable"
"Eswatini","2012","0","No","Not applicable","Not applicable","No","No","No","Not applicable"
"Eswatini","2010","0","No","Not applicable","Not applicable","No","No","No","Not applicable"
"Eswatini","2007","0","No","Not applicable","Not applicable","No","No","No","No"
"Ethiopia","2014","0","No","Not applicable","Not applicable","No","No","No","Not applicable"
"Ethiopia","2012","0","No","Not applicable","Not applicable","No","No","No","Not applicable"
"Ethiopia","2010","0","No","Not applicable","Not applicable","No","No","No","Not applicable"
"Ethiopia","2007","0","No","Not applicable","Not applicable","No","No","No","No"
"Fiji","2014","3","Yes","Yes","Yes","No","No","No","Not applicable"
"Fiji","2012","3","Yes","Yes","Yes","No","No","No","Not applicable"
"Fiji","2010","3","Yes","Yes","Yes","No","No","No","Not applicable"
"Fiji","2007","1","Yes","Yes","Yes","No","No","No","No"
"Finland","2014","1","Yes","Yes","Yes","No","Yes","No","Not applicable"
"Finland","2012","1","Yes","Yes","Yes","No","Yes","No","Not applicable"
"Finland","2010","1","Yes","Yes","Yes","No","Yes","No","Not applicable"
"Finland","2007","0","Yes","Yes","Yes","No","Yes","No","No"
"France","2014","3","Yes","Yes","Yes","No","No","No","Not applicable"
"France","2012","3","Yes","Yes","Yes","No","No","No","Not applicable"
"France","2010","3","Yes","Yes","Yes","No","No","No","Not applicable"
"France","2007","3","Yes","Yes","Yes","No","No","No","No"
"Gabon","2014","4","Yes","Yes","Yes","Yes","No","No","Not applicable"
"Gabon","2012","0","No","Not applicable","Not applicable","No","No","No","Not applicable"
"Gabon","2010","0","No","Not applicable","Not applicable","No","No","No","Not applicable"
"Gabon","2007","0","No","Not applicable","Not applicable","No","No","No","No"
"Gambia","2014","0","Yes","No","Yes","No","No","No","Not applicable"
"Gambia","2012","0","Yes","No","Yes","No","No","No","Not applicable"
"Gambia","2010","0","Yes","No","Yes","No","No","No","Not applicable"
"Gambia","2007","0","Yes","No","Yes","No","No","No","No"
"Georgia","2014","3","Yes","Yes","Yes","No","No","No","Not applicable"
"Georgia","2012","3","Yes","Yes","Yes","No","No","No","Not applicable"
"Georgia","2010","3","Yes","Yes","Yes","No","No","No","Not applicable"
"Georgia","2007","0","Yes","Yes","Yes","No","No","No","No"
"Germany","2014","0","Yes","No","Yes","No","No","Yes","No"
"Germany","2012","0","Yes","No","Yes","No","No","Yes","No"
"Germany","2010","0","Yes","No","Yes","No","No","Yes","No"
"Germany","2007","0","Yes","No","Yes","No","No","Yes","No"
"Ghana","2014","0","Yes","Yes","Yes","No","No","No","Not applicable"
"Ghana","2012","0","Yes","Yes","Yes","No","No","No","Not applicable"
"Ghana","2010","0","No","Not applicable","Not applicable","No","No","No","Not applicable"
"Ghana","2007","0","No","Not applicable","Not applicable","No","No","No","No"
"Greece","2014","8","Yes","Yes","Yes","No","Yes","No","Not applicable"
"Greece","2012","8","Yes","Yes","Yes","No","Yes","No","Not applicable"
"Greece","2010","8","Yes","Yes","Yes","No","Yes","No","Not applicable"
"Greece","2007","0","No","Not applicable","Not applicable","No","No","No","Not available"
"Grenada","2014","0","No","Not applicable","Not applicable","No","No","No","Not applicable"
"Grenada","2012","0","No","Not applicable","Not applicable","No","No","No","Not applicable"
"Grenada","2010","0","No","Not applicable","Not applicable","No","No","No","Not applicable"
"Grenada","2007","0","No","Not applicable","Not applicable","No","No","No","No"
"Guatemala","2014","8","Yes","Yes","Yes","Yes","No","No","Not applicable"
"Guatemala","2012","8","Yes","Yes","Yes","Yes","No","No","Not applicable"
"Guatemala","2010","8","Yes","Yes","Yes","Yes","No","No","Not applicable"
"Guatemala","2007","3","Yes","No","Yes","No","No","No","No"
"Guinea","2014","5","Yes","No","Yes","No","No","No","Not applicable"
"Guinea","2012","5","Yes","No","Yes","No","No","No","Not applicable"
"Guinea","2010","4","No","Not applicable","Not applicable","No","No","No","Not applicable"
"Guinea","2007","4","No","Not applicable","Not applicable","No","No","No","No"
"Guinea-Bissau","2014","0","No","Not applicable","Not applicable","No","No","No","Not applicable"
"Guinea-Bissau","2012","0","No","Not applicable","Not applicable","No","No","No","Not applicable"
"Guinea-Bissau","2010","0","No","Not applicable","Not applicable","No","No","No","Not applicable"
"Guinea-Bissau","2007","0","No","Not applicable","Not applicable","No","No","No","No"
"Guyana","2014","3","No","Not applicable","Not applicable","No","No","No","Not applicable"
"Guyana","2012","3","No","Not applicable","Not applicable","No","No","No","Not applicable"
"Guyana","2010","3","No","Not applicable","Not applicable","No","No","No","Not applicable"
"Guyana","2007","0","No","Not applicable","Not applicable","No","No","No","No"
"Haiti","2014","0","No","Not applicable","Not applicable","No","No","No","Not applicable"
"Haiti","2012","0","No","Not applicable","Not applicable","No","No","No","Not applicable"
"Haiti","2010","0","No","Not applicable","Not applicable","No","No","No","Not applicable"
"Haiti","2007","0","No","Not applicable","Not applicable","No","No","No","No"
"Honduras","2014","8","Yes","Yes","Yes","Yes","Yes","No","Not applicable"
"Honduras","2012","8","Yes","Yes","Yes","Yes","Yes","No","Not applicable"
"Honduras","2010","8","Yes","Yes","Yes","Yes","Yes","No","Not applicable"
"Honduras","2007","5","No","Not applicable","Not applicable","No","No","No","No"
"Hungary","2014","7","Yes","Yes","Yes","No","Yes","Yes","No"
"Hungary","2012","7","Yes","Yes","Yes","No","Yes","Yes","No"
"Hungary","2010","0","Yes","Yes","Yes","No","Yes","No","Not applicable"
"Hungary","2007","0","Yes","Yes","Yes","No","Yes","No","No"
"Iceland","2014","1","Yes","No","Yes","Yes","Yes","No","Not applicable"
"Iceland","2012","1","Yes","No","Yes","Yes","Yes","No","Not applicable"
"Iceland","2010","1","Yes","No","Yes","Yes","Yes","No","Not applicable"
"Iceland","2007","1","Yes","No","Yes","Yes","Yes","No","No"
"India","2014","6","Yes","Yes","Yes","Yes","Yes","Yes","No"
"India","2012","6","Yes","Yes","Yes","Yes","Yes","Yes","No"
"India","2010","6","Yes","Yes","Yes","No","Yes","Yes","No"
"India","2007","5","Yes","Yes","Yes","No","Yes","Yes","No"
"Indonesia","2014","4","Yes","No","Yes","Yes","No","Yes","Yes"
"Indonesia","2012","4","Yes","No","Yes","Yes","No","Yes","No"
"Indonesia","2010","3","Yes","No","Yes","Yes","No","Yes","No"
"Indonesia","2007","3","No","Not applicable","Not applicable","No","No","Yes","No"
"Iran (Islamic Republic of)","2014","8","Yes","Yes","Yes","Yes","Yes","No","Not applicable"
"Iran (Islamic Republic of)","2012","8","Yes","Yes","Yes","Yes","Yes","No","Not applicable"
"Iran (Islamic Republic of)","2010","8","Yes","Yes","Yes","Yes","Yes","No","Not applicable"
"Iran (Islamic Republic of)","2007","8","Yes","Yes","Yes","Yes","Yes","No","Not applicable"
"Iraq","2014","3","Yes","No","Yes","No","Yes","Yes","No"
"Iraq","2012","1","Yes","No","Yes","No","No","Yes","No"
"Iraq","2010","2","No","Not applicable","Not applicable","No","No","Yes","No"
"Iraq","2007","1","No","Not applicable","Not applicable","No","No","Yes","No"
"Ireland","2014","8","Yes","Yes","Yes","No","Yes","No","Not applicable"
"Ireland","2012","8","Yes","Yes","Yes","No","Yes","No","Not applicable"
"Ireland","2010","8","Yes","Yes","Yes","No","Yes","No","Not applicable"
"Ireland","2007","8","Yes","Yes","Yes","No","Yes","No","Not applicable"
"Israel","2014","1","Yes","Yes","Yes","No","Yes","No","Not applicable"
"Israel","2012","1","Yes","Yes","Yes","No","Yes","No","Not applicable"
"Israel","2010","1","Yes","Yes","Yes","No","Yes","No","Not applicable"
"Israel","2007","1","Yes","Yes","Yes","No","Yes","No","No"
"Italy","2014","0","Yes","Yes","Yes","No","Yes","No","Not applicable"
"Italy","2012","0","Yes","Yes","Yes","No","Yes","No","Not applicable"
"Italy","2010","0","Yes","Yes","Yes","No","Yes","No","Not applicable"
"Italy","2007","0","Yes","Yes","Yes","No","Yes","No","No"
"Jamaica","2014","8","Yes","Yes","Yes","No","No","No","Not applicable"
"Jamaica","2012","0","No","Not applicable","Not applicable","No","No","No","Not applicable"
"Jamaica","2010","0","No","Not applicable","Not applicable","No","No","No","Not applicable"
"Jamaica","2007","0","No","Not applicable","Not applicable","No","No","No","No"
"Japan","2014","0","No","Not applicable","Not applicable","No","No","Yes","No"
"Japan","2012","0","No","Not applicable","Not applicable","No","No","Yes","No"
"Japan","2010","0","No","Not applicable","Not applicable","No","No","Yes","No"
"Japan","2007","0","No","Not applicable","Not applicable","No","No","Yes","No"
"Jordan","2014","4","Yes","Yes","Yes","No","No","No","Not applicable"
"Jordan","2012","4","Yes","Yes","Yes","No","No","No","Not applicable"
"Jordan","2010","4","Yes","Yes","Yes","No","No","No","Not applicable"
"Jordan","2007","0","No","Not applicable","Not applicable","No","No","No","No"
"Kazakhstan","2014","6","Yes","Yes","Yes","No","No","No","Not applicable"
"Kazakhstan","2012","6","Yes","Yes","Yes","No","No","No","Not applicable"
"Kazakhstan","2010","6","Yes","Yes","Yes","No","No","No","Not applicable"
"Kazakhstan","2007","4","Yes","Yes","Yes","No","No","No","No"
"Kenya","2014","0","Yes","Yes","Yes","Yes","Yes","No","Not applicable"
"Kenya","2012","0","Yes","No","Yes","Yes","No","No","Not applicable"
"Kenya","2010","0","Yes","No","Yes","Yes","No","No","Not applicable"
"Kenya","2007","0","Yes","No","Yes","Yes","No","No","No"
"Kiribati","2014","3","Yes","Yes","Yes","No","No","No","Not applicable"
"Kiribati","2012","0","No","Not applicable","Not applicable","No","No","No","Not applicable"
"Kiribati","2010","0","No","Not applicable","Not applicable","No","No","No","Not applicable"
"Kiribati","2007","0","No","Not applicable","Not applicable","No","No","No","No"
"Kuwait","2014","7","Yes","Yes","Yes","Yes","Yes","No","Not applicable"
"Kuwait","2012","7","Yes","No","Yes","No","No","No","Not applicable"
"Kuwait","2010","0","Yes","No","Yes","No","No","No","Not applicable"
"Kuwait","2007","0","Yes","No","Yes","No","No","No","No"
"Kyrgyzstan","2014","4","Yes","No","Yes","Yes","No","No","Not applicable"
"Kyrgyzstan","2012","4","Yes","No","Yes","Yes","No","No","Not applicable"
"Kyrgyzstan","2010","4","Yes","No","Yes","Yes","No","No","Not applicable"
"Kyrgyzstan","2007","3","Yes","No","Yes","Yes","No","No","No"
"Lao People's Democratic Republic","2014","4","No","Not applicable","Not applicable","Yes","No","Yes","No"
"Lao People's Democratic Republic","2012","4","No","Not applicable","Not applicable","Yes","No","Yes","No"
"Lao People's Democratic Republic","2010","4","No","Not applicable","Not applicable","Yes","No","Yes","No"
"Lao People's Democratic Republic","2007","3","No","Not applicable","Not applicable","No","No","Yes","No"
"Latvia","2014","5","Yes","No","Yes","No","Yes","Yes","No"
"Latvia","2012","5","Yes","No","Yes","No","Yes","Yes","No"
"Latvia","2010","5","Yes","No","Yes","No","Yes","Yes","No"
"Latvia","2007","2","Yes","No","Yes","No","Yes","Yes","No"
"Lebanon","2014","8","Yes","Yes","Yes","No","Yes","No","Not applicable"
"Lebanon","2012","8","Yes","Yes","Yes","No","Yes","No","Not applicable"
"Lebanon","2010","4","No","Not applicable","Not applicable","No","No","No","Not applicable"
"Lebanon","2007","4","No","Not applicable","Not applicable","No","No","No","No"
"Lesotho","2014","1","No","Not applicable","Not applicable","No","No","No","Not applicable"
"Lesotho","2012","1","No","Not applicable","Not applicable","No","No","No","Not applicable"
"Lesotho","2010","1","No","Not applicable","Not applicable","No","No","No","Not applicable"
"Lesotho","2007","1","No","Not applicable","Not applicable","No","No","No","No"
"Liberia","2014","0","Yes","No","Yes","No","Yes","No","Not applicable"
"Liberia","2012","0","Yes","No","Yes","No","Yes","No","Not applicable"
"Liberia","2010","0","Yes","No","Yes","No","No","No","Not applicable"
"Liberia","2007","0","No","Not applicable","Not applicable","No","No","No","No"
"Libya","2014","8","No","Not applicable","Not applicable","No","No","No","Not applicable"
"Libya","2012","8","No","Not applicable","Not applicable","No","No","No","Not applicable"
"Libya","2010","8","No","Not applicable","Not applicable","No","No","No","Not applicable"
"Libya","2007","5","No","Not applicable","Not applicable","No","No","No","No"
"Lithuania","2014","5","Yes","Yes","Yes","No","Yes","No","Not applicable"
"Lithuania","2012","5","Yes","Yes","Yes","No","Yes","No","Not applicable"
"Lithuania","2010","5","Yes","Yes","Yes","No","Yes","No","Not applicable"
"Lithuania","2007","5","Yes","Yes","Yes","No","Yes","No","No"
"Luxembourg","2014","3","Yes","Yes","Yes","No","No","No","Not applicable"
"Luxembourg","2012","3","Yes","Yes","Yes","No","No","No","Not applicable"
"Luxembourg","2010","3","Yes","Yes","Yes","No","No","No","Not applicable"
"Luxembourg","2007","3","Yes","Yes","Yes","No","No","No","No"
"Madagascar","2014","8","Yes","No","Yes","No","No","No","Not applicable"
"Madagascar","2012","1","No","Not applicable","Not applicable","No","No","No","Not applicable"
"Madagascar","2010","1","No","Not applicable","Not applicable","No","No","No","Not applicable"
"Madagascar","2007","1","No","Not applicable","Not applicable","No","No","No","No"
"Malawi","2014","0","No","Not applicable","Not applicable","No","No","No","Not applicable"
"Malawi","2012","0","No","Not applicable","Not applicable","No","No","No","Not applicable"
"Malawi","2010","0","No","Not applicable","Not applicable","No","No","No","Not applicable"
"Malawi","2007","0","No","Not applicable","Not applicable","No","No","No","No"
"Malaysia","2014","0","Yes","Yes","Yes","No","Yes","No","Not applicable"
"Malaysia","2012","0","Yes","Yes","Yes","No","Yes","No","Not applicable"
"Malaysia","2010","0","Yes","Yes","Yes","No","Yes","No","Not applicable"
"Malaysia","2007","0","Yes","Yes","Yes","No","Yes","No","No"
"Maldives","2014","5","Yes","Yes","Yes","No","Yes","No","Not applicable"
"Maldives","2012","5","Yes","Yes","Yes","No","Yes","No","Not applicable"
"Maldives","2010","4","Yes","Yes","Yes","No","Yes","No","Not applicable"
"Maldives","2007","0","No","Not applicable","Not applicable","No","No","No","No"
"Mali","2014","0","Yes","No","Yes","No","No","No","Not applicable"
"Mali","2012","0","Yes","No","Yes","No","No","No","Not applicable"
"Mali","2010","0","Yes","No","Yes","No","No","No","Not applicable"
"Mali","2007","0","Yes","No","Yes","No","No","No","No"
"Malta","2014","8","Yes","Yes","Yes","No","Yes","No","Not applicable"
"Malta","2012","8","Yes","Yes","Yes","No","Yes","No","Not applicable"
"Malta","2010","8","Yes","Yes","Yes","No","Yes","No","Not applicable"
"Malta","2007","3","Yes","Yes","Yes","No","Yes","No","No"
"Marshall Islands","2014","8","Yes","Yes","Yes","Yes","No","No","Not applicable"
"Marshall Islands","2012","8","Yes","Yes","Yes","Yes","No","No","Not applicable"
"Marshall Islands","2010","8","Yes","Yes","Yes","Yes","No","No","Not applicable"
"Marshall Islands","2007","8","Yes","Yes","Yes","Yes","No","No","Not applicable"
"Mauritania","2014","1","No","Not applicable","Not applicable","No","No","No","Not applicable"
"Mauritania","2012","1","No","Not applicable","Not applicable","No","No","No","Not applicable"
"Mauritania","2010","1","No","Not applicable","Not applicable","No","No","No","Not applicable"
"Mauritania","2007","1","No","Not applicable","Not applicable","No","No","No","No"
"Mauritius","2014","7","Yes","Yes","Yes","No","Yes","No","Not applicable"
"Mauritius","2012","7","Yes","Yes","Yes","No","Yes","No","Not applicable"
"Mauritius","2010","7","Yes","Yes","Yes","No","Yes","No","Not applicable"
"Mauritius","2007","0","Yes","No","Yes","No","No","No","No"
"Mexico","2014","1","Yes","Yes","Yes","Yes","Yes","Yes","Yes"
"Mexico","2012","1","Yes","Yes","Yes","Yes","Yes","Yes","Yes"
"Mexico","2010","1","Yes","Yes","Yes","Yes","Yes","Yes","Yes"
"Mexico","2007","0","No","Not applicable","Not applicable","No","No","Yes","Yes"
"Micronesia (Federated States of)","2014","1","No","Not applicable","Not applicable","No","No","Yes","Yes"
"Micronesia (Federated States of)","2012","0","No","Not applicable","Not applicable","No","No","Yes","Yes"
"Micronesia (Federated States of)","2010","0","No","Not applicable","Not applicable","No","No","Yes","No"
"Micronesia (Federated States of)","2007","0","No","Not applicable","Not applicable","No","No","No","Not available"
"Monaco","2014","2","Yes","Yes","Yes","No","No","NA","Not applicable"
"Monaco","2012","2","Yes","Yes","Yes","No","No","NA","Not applicable"
"Monaco","2010","2","Yes","Yes","Yes","No","No","NA","Not applicable"
"Monaco","2007","0","No","Not applicable","Not applicable","No","No","NA","Not available"
"Mongolia","2014","8","Yes","Yes","Yes","Yes","Yes","Yes","No"
"Mongolia","2012","8","Yes","Yes","Yes","Yes","Yes","Yes","Not applicable"
"Mongolia","2010","1","Yes","No","Yes","Yes","Yes","No","Not applicable"
"Mongolia","2007","1","Yes","No","Yes","Yes","Yes","No","No"
"Montenegro","2014","4","Yes","Yes","Yes","No","Yes","No","Not applicable"
"Montenegro","2012","4","Yes","Yes","Yes","No","Yes","No","Not applicable"
"Montenegro","2010","4","Yes","Yes","Yes","No","Yes","No","Not applicable"
"Montenegro","2007","4","Yes","Yes","Yes","No","Yes","No","No"
"Morocco","2014","5","Yes","No","Yes","No","No","No","Not applicable"
"Morocco","2012","5","Yes","No","Yes","No","No","No","Not applicable"
"Morocco","2010","5","Yes","No","Yes","No","No","No","Not applicable"
"Morocco","2007","5","Yes","No","Yes","No","No","No","No"
"Mozambique","2014","1","Yes","No","Yes","No","No","No","Not applicable"
"Mozambique","2012","1","Yes","No","Yes","No","No","No","Not applicable"
"Mozambique","2010","1","Yes","No","Yes","No","No","No","Not applicable"
"Mozambique","2007","1","Yes","No","Yes","No","No","No","No"
"Myanmar","2014","6","Yes","Yes","Yes","No","No","No","Not applicable"
"Myanmar","2012","4","Yes","Yes","Yes","No","No","No","Not applicable"
"Myanmar","2010","3","Yes","Yes","Yes","No","No","No","Not applicable"
"Myanmar","2007","3","Yes","Yes","Yes","No","No","No","No"
"Namibia","2014","8","Yes","Yes","Yes","Yes","Yes","No","Not applicable"
"Namibia","2012","8","Yes","Yes","Yes","Yes","Yes","No","Not applicable"
"Namibia","2010","8","Yes","Yes","Yes","Yes","Yes","No","Not applicable"
"Namibia","2007","0","No","Not applicable","Not applicable","No","No","No","No"
"Nauru","2014","8","Yes","Yes","Yes","Yes","No","No","Not applicable"
"Nauru","2012","8","Yes","Yes","Yes","Yes","No","No","Not applicable"
"Nauru","2010","8","Yes","Yes","Yes","Yes","No","No","Not applicable"
"Nauru","2007","0","No","Not applicable","Not applicable","No","No","No","No"
"Nepal","2014","8","Yes","No","Yes","Yes","Yes","No","Not applicable"
"Nepal","2012","8","Yes","No","Yes","Yes","Yes","No","Not applicable"
"Nepal","2010","5","No","Not applicable","Not applicable","No","Yes","No","Not applicable"
"Nepal","2007","0","No","Not applicable","Not applicable","No","No","No","No"
"Netherlands","2014","0","Yes","Yes","No","No","Yes","No","Not applicable"
"Netherlands","2012","0","Yes","Yes","No","No","Yes","No","Not applicable"
"Netherlands","2010","0","Yes","Yes","No","No","Yes","No","Not applicable"
"Netherlands","2007","0","Yes","Yes","No","No","Yes","No","No"
"New Zealand","2014","8","Yes","Yes","No","No","Yes","No","Not applicable"
"New Zealand","2012","8","Yes","Yes","No","No","Yes","No","Not applicable"
"New Zealand","2010","8","Yes","Yes","No","No","Yes","No","Not applicable"
"New Zealand","2007","8","Yes","Yes","No","No","Yes","No","Not applicable"
"Nicaragua","2014","6","Yes","Yes","Yes","Yes","Yes","No","Not applicable"
"Nicaragua","2012","6","Yes","Yes","Yes","Yes","Yes","No","Not applicable"
"Nicaragua","2010","6","Yes","Yes","Yes","Yes","Yes","No","Not applicable"
"Nicaragua","2007","1","Yes","Yes","Yes","No","No","No","No"
"Niger","2014","4","Yes","Yes","Yes","No","No","No","Not applicable"
"Niger","2012","4","Yes","Yes","Yes","No","No","No","Not applicable"
"Niger","2010","4","Yes","Yes","Yes","No","No","No","Not applicable"
"Niger","2007","0","Yes","No","Yes","No","No","No","No"
"Nigeria","2014","3","Yes","No","Yes","No","No","Yes","No"
"Nigeria","2012","3","Yes","No","Yes","No","No","No","Not applicable"
"Nigeria","2010","3","Yes","No","Yes","No","No","No","Not applicable"
"Nigeria","2007","3","Yes","No","Yes","No","No","No","No"
"Niue","2014","0","No","Not applicable","Not applicable","No","No","No","Not applicable"
"Niue","2012","0","No","Not applicable","Not applicable","No","No","No","Not applicable"
"Niue","2010","0","No","Not applicable","Not applicable","No","No","No","Not applicable"
"Niue","2007","0","No","Not applicable","Not applicable","No","No","No","No"
"Norway","2014","7","Yes","Yes","Yes","No","No","No","Not applicable"
"Norway","2012","4","Yes","Yes","Yes","No","No","No","Not applicable"
"Norway","2010","4","Yes","Yes","Yes","No","No","No","Not applicable"
"Norway","2007","4","Yes","Yes","Yes","No","No","No","No"
"Oman","2014","0","No","Not applicable","Not applicable","No","No","Yes","No"
"Oman","2012","0","No","Not applicable","Not applicable","No","No","Yes","No"
"Oman","2010","0","No","Not applicable","Not applicable","No","No","Yes","No"
"Oman","2007","0","No","Not applicable","Not applicable","No","No","No","No"
"Pakistan","2014","8","Yes","No","Yes","No","No","No","Not applicable"
"Pakistan","2012","8","Yes","No","Yes","No","No","No","Not applicable"
"Pakistan","2010","8","Yes","No","Yes","No","No","No","Not applicable"
"Pakistan","2007","7","Yes","No","Yes","No","No","No","No"
"Palau","2014","6","Yes","No","Yes","No","No","No","Not applicable"
"Palau","2012","6","Yes","No","Yes","No","No","No","Not applicable"
"Palau","2010","1","Yes","No","Yes","No","No","No","Not applicable"
"Palau","2007","1","Yes","No","Yes","No","No","No","No"
"Panama","2014","8","Yes","Yes","Yes","Yes","Yes","NA","Not applicable"
"Panama","2012","8","Yes","Yes","Yes","Yes","Yes","NA","Not applicable"
"Panama","2010","8","Yes","Yes","Yes","Yes","Yes","NA","Not applicable"
"Panama","2007","3","No","Not applicable","Not applicable","No","Yes","NA","No"
"Papua New Guinea","2014","8","Yes","No","Yes","No","No","No","Not applicable"
"Papua New Guinea","2012","8","Yes","No","Yes","No","No","No","Not applicable"
"Papua New Guinea","2010","3","Yes","No","Yes","No","No","No","Not applicable"
"Papua New Guinea","2007","3","Yes","No","Yes","No","No","No","No"
"Paraguay","2014","2","Yes","No","Yes","No","No","No","Not applicable"
"Paraguay","2012","2","Yes","No","Yes","No","No","No","Not applicable"
"Paraguay","2010","2","Yes","No","Yes","No","No","No","Not applicable"
"Paraguay","2007","2","Yes","No","Yes","No","No","No","No"
"Peru","2014","8","Yes","Yes","Yes","No","Yes","No","Not applicable"
"Peru","2012","8","Yes","Yes","Yes","No","Yes","No","Not applicable"
"Peru","2010","8","Yes","Yes","No","No","No","No","Not applicable"
"Peru","2007","5","No","Not applicable","Not applicable","No","No","No","No"
"Philippines","2014","5","Yes","No","Yes","Yes","No","Yes","No"
"Philippines","2012","5","Yes","No","Yes","Yes","No","Yes","No"
"Philippines","2010","5","Yes","No","Yes","Yes","No","Yes","No"
"Philippines","2007","3","Yes","No","Yes","Yes","No","Yes","No"
"Poland","2014","3","Yes","No","Yes","Yes","No","Yes","No"
"Poland","2012","3","Yes","No","Yes","Yes","No","Yes","No"
"Poland","2010","3","Yes","No","Yes","Yes","No","Yes","No"
"Poland","2007","0","Yes","Yes","Yes","Yes","No","Yes","No"
"Portugal","2014","3","Yes","Yes","Yes","No","Yes","No","Not applicable"
"Portugal","2012","3","Yes","Yes","Yes","No","Yes","No","Not applicable"
"Portugal","2010","3","Yes","Yes","Yes","No","Yes","No","Not applicable"
"Portugal","2007","3","Yes","Yes","Yes","No","Yes","No","No"
"Qatar","2014","0","Yes","Yes","Yes","Yes","No","No","Not applicable"
"Qatar","2012","0","Yes","Yes","Yes","Yes","No","No","Not applicable"
"Qatar","2010","0","Yes","Yes","Yes","Yes","No","No","Not applicable"
"Qatar","2007","0","Yes","Yes","Yes","Yes","No","No","No"
"Republic of Korea","2014","2","Yes","Yes","Yes","Yes","No","No","Not applicable"
"Republic of Korea","2012","2","Yes","No","Yes","Yes","No","No","Not applicable"
"Republic of Korea","2010","2","Yes","No","Yes","Yes","No","No","Not applicable"
"Republic of Korea","2007","2","Yes","No","Yes","Yes","No","No","No"
"Republic of Moldova","2014","3","Yes","No","Yes","No","Yes","No","Not applicable"
"Republic of Moldova","2012","3","Yes","No","Yes","No","Yes","No","Not applicable"
"Republic of Moldova","2010","3","Yes","No","Yes","No","Yes","No","Not applicable"
"Republic of Moldova","2007","3","No","Not applicable","Not applicable","No","Yes","No","Not available"
"Romania","2014","1","Yes","No","Yes","No","Yes","No","Not applicable"
"Romania","2012","1","Yes","No","Yes","No","Yes","No","Not applicable"
"Romania","2010","1","Yes","No","Yes","No","Yes","No","Not applicable"
"Romania","2007","1","Yes","No","Yes","No","Yes","No","No"
"Russian Federation","2014","8","Yes","Yes","Yes","No","No","No","Not applicable"
"Russian Federation","2012","0","No","Not applicable","Not applicable","No","No","No","Not applicable"
"Russian Federation","2010","0","No","Not applicable","Not applicable","No","No","No","Not applicable"
"Russian Federation","2007","0","No","Not applicable","Not applicable","No","No","No","No"
"Rwanda","2014","0","No","Not applicable","Not applicable","No","No","No","Not applicable"
"Rwanda","2012","0","No","Not applicable","Not applicable","No","No","No","Not applicable"
"Rwanda","2010","0","No","Not applicable","Not applicable","No","No","No","Not applicable"
"Rwanda","2007","0","No","Not applicable","Not applicable","No","No","No","No"
"Saint Kitts and Nevis","2014","0","No","Not applicable","Not applicable","No","No","No","Not applicable"
"Saint Kitts and Nevis","2012","0","No","Not applicable","Not applicable","No","No","No","Not applicable"
"Saint Kitts and Nevis","2010","0","No","Not applicable","Not applicable","No","No","No","Not applicable"
"Saint Kitts and Nevis","2007","0","No","Not applicable","Not applicable","No","No","No","No"
"Saint Lucia","2014","0","No","Not applicable","Not applicable","No","No","No","Not applicable"
"Saint Lucia","2012","0","No","Not applicable","Not applicable","No","No","No","Not applicable"
"Saint Lucia","2010","0","No","Not applicable","Not applicable","No","No","No","Not applicable"
"Saint Lucia","2007","0","No","Not applicable","Not applicable","No","No","No","No"
"Saint Vincent and the Grenadines","2014","0","No","Not applicable","Not applicable","No","No","No","Not applicable"
"Saint Vincent and the Grenadines","2012","0","No","Not applicable","Not applicable","No","No","No","Not applicable"
"Saint Vincent and the Grenadines","2010","0","No","Not applicable","Not applicable","No","No","No","Not applicable"
"Saint Vincent and the Grenadines","2007","0","No","Not applicable","Not applicable","No","No","No","No"
"Samoa","2014","6","Yes","Yes","Yes","No","No","No","Not applicable"
"Samoa","2012","6","Yes","Yes","Yes","No","No","No","Not applicable"
"Samoa","2010","6","Yes","Yes","Yes","No","No","No","Not applicable"
"Samoa","2007","0","No","Not applicable","Not applicable","No","No","No","No"
"San Marino","2014","5","Yes","Yes","Yes","No","No","NA","Not applicable"
"San Marino","2012","5","Yes","Yes","Yes","No","No","NA","Not applicable"
"San Marino","2010","5","Yes","Yes","Yes","No","No","NA","Not applicable"
"San Marino","2007","0","No","Not applicable","Not applicable","No","No","NA","Not available"
"Sao Tome and Principe","2014","0","Yes","No","Yes","No","Yes","No","Not applicable"
"Sao Tome and Principe","2012","0","No","Not applicable","Not applicable","No","No","No","Not applicable"
"Sao Tome and Principe","2010","0","No","Not applicable","Not applicable","No","No","No","Not applicable"
"Sao Tome and Principe","2007","0","No","Not applicable","Not applicable","No","No","No","No"
"Saudi Arabia","2014","8","Yes","No","Yes","No","No","No","Not applicable"
"Saudi Arabia","2012","8","Yes","No","Yes","No","No","No","Not applicable"
"Saudi Arabia","2010","5","Yes","No","Yes","No","No","No","Not applicable"
"Saudi Arabia","2007","5","Yes","No","Yes","No","No","No","No"
"Senegal","2014","7","Yes","Yes","Yes","No","No","No","Not applicable"
"Senegal","2012","2","Yes","No","Yes","No","No","No","Not applicable"
"Senegal","2010","2","Yes","No","Yes","No","No","No","Not applicable"
"Senegal","2007","1","Yes","No","Yes","No","No","No","No"
"Serbia","2014","5","Yes","Yes","Yes","Yes","No","No","Not applicable"
"Serbia","2012","5","Yes","Yes","Yes","Yes","No","No","Not applicable"
"Serbia","2010","5","Yes","Yes","Yes","Yes","No","No","Not applicable"
"Serbia","2007","3","Yes","No","Yes","No","No","No","No"
"Seychelles","2014","8","Yes","Yes","Yes","No","No","No","Not applicable"
"Seychelles","2012","8","Yes","Yes","Yes","No","No","No","Not applicable"
"Seychelles","2010","8","Yes","Yes","Yes","No","No","No","Not applicable"
"Seychelles","2007","0","No","Not applicable","Not applicable","No","No","No","No"
"Sierra Leone","2014","0","No","Not applicable","Not applicable","No","No","No","Not applicable"
"Sierra Leone","2012","0","No","Not applicable","Not applicable","No","No","No","Not applicable"
"Sierra Leone","2010","0","No","Not applicable","Not applicable","No","No","No","Not applicable"
"Sierra Leone","2007","0","No","Not applicable","Not applicable","No","No","No","No"
"Singapore","2014","5","Yes","Yes","Yes","No","Yes","NA","Not applicable"
"Singapore","2012","5","Yes","Yes","Yes","No","Yes","NA","Not applicable"
"Singapore","2010","5","Yes","Yes","Yes","No","Yes","NA","Not applicable"
"Singapore","2007","5","Yes","Yes","Yes","No","Yes","NA","No"
"Slovakia","2014","3","Yes","Yes","Yes","No","No","Yes","No"
"Slovakia","2012","4","Yes","Yes","Yes","No","No","Yes","No"
"Slovakia","2010","4","Yes","Yes","Yes","No","No","Yes","No"
"Slovakia","2007","3","Yes","Yes","Yes","No","No","Yes","No"
"Slovenia","2014","3","Yes","Yes","Yes","Yes","No","No","Not applicable"
"Slovenia","2012","3","Yes","Yes","Yes","Yes","No","No","Not applicable"
"Slovenia","2010","3","Yes","Yes","Yes","Yes","No","No","Not applicable"
"Slovenia","2007","3","Yes","Yes","Yes","Yes","No","No","No"
"Solomon Islands","2014","3","Yes","No","Yes","Yes","No","No","Not applicable"
"Solomon Islands","2012","3","Yes","No","Yes","Yes","No","No","Not applicable"
"Solomon Islands","2010","3","Yes","No","Yes","Yes","No","No","Not applicable"
"Solomon Islands","2007","0","No","Not applicable","Not applicable","No","No","No","No"
"Somalia","2014","0","No","Not applicable","Not applicable","No","No","No","Not applicable"
"Somalia","2012","0","No","Not applicable","Not applicable","No","No","No","Not applicable"
"Somalia","2010","0","No","Not applicable","Not applicable","No","No","No","Not applicable"
"Somalia","2007","0","No","Not applicable","Not applicable","No","No","No","No"
"South Africa","2014","0","Yes","Yes","Yes","No","Yes","No","Not applicable"
"South Africa","2012","0","Yes","Yes","Yes","No","Yes","No","Not applicable"
"South Africa","2010","0","Yes","Yes","Yes","No","Yes","No","Not applicable"
"South Africa","2007","0","Yes","Yes","Yes","No","No","No","No"
"South Sudan","2014","0","No","Not applicable","Not applicable","No","No","No","Not applicable"
"South Sudan","2012","0","No","Not applicable","Not applicable","No","No","No","Not applicable"
"South Sudan","2010","Not applicable","Not applicable","Not applicable","Not applicable","Not applicable","Not applicable","Not applicable","Not applicable"
"South Sudan","2007","Not applicable","Not applicable","Not applicable","Not applicable","Not applicable","Not applicable","Not applicable","Not applicable"
"Spain","2014","8","Yes","Yes","Yes","No","Yes","Yes","No"
"Spain","2012","8","Yes","Yes","Yes","No","Yes","Yes","Not applicable"
"Spain","2010","8","Yes","Yes","Yes","No","Yes","Yes","Not applicable"
"Spain","2007","6","Yes","Yes","Yes","No","Yes","Yes","No"
"Sri Lanka","2014","6","Yes","Yes","Yes","Yes","No","No","Not applicable"
"Sri Lanka","2012","6","Yes","Yes","Yes","Yes","No","No","Not applicable"
"Sri Lanka","2010","6","Yes","Yes","Yes","Yes","No","No","Not applicable"
"Sri Lanka","2007","6","Yes","Yes","Yes","Yes","No","No","No"
"Sudan","2014","0","Yes","Yes","Yes","No","Yes","No","Not applicable"
"Sudan","2012","0","Yes","Yes","Yes","No","Yes","No","Not applicable"
"Sudan","2010","0","Yes","Yes","Yes","No","Yes","No","Not applicable"
"Sudan","2007","0","Yes","Yes","Yes","No","Yes","No","No"
"Suriname","2014","8","Yes","Yes","Yes","Yes","Yes","NA","Not applicable"
"Suriname","2012","0","No","Not applicable","Not applicable","No","No","NA","Not applicable"
"Suriname","2010","0","No","Not applicable","Not applicable","No","No","NA","Not applicable"
"Suriname","2007","0","No","Not applicable","Not applicable","No","No","NA","No"
"Sweden","2014","0","No","Not applicable","Not applicable","No","No","No","Not applicable"
"Sweden","2012","0","No","Not applicable","Not applicable","No","No","No","Not applicable"
"Sweden","2010","0","No","Not applicable","Not applicable","No","No","No","Not applicable"
"Sweden","2007","0","No","Not applicable","Not applicable","No","No","No","No"
"Switzerland","2014","0","Yes","No","Yes","No","No","Yes","No"
"Switzerland","2012","0","Yes","No","Yes","No","No","Yes","No"
"Switzerland","2010","0","Yes","No","Yes","No","No","Yes","No"
"Switzerland","2007","0","No","Not applicable","Not applicable","No","No","No","Not available"
"Syrian Arab Republic","2014","6","Yes","No","Yes","No","No","No","Not applicable"
"Syrian Arab Republic","2012","6","Yes","No","Yes","No","No","No","Not applicable"
"Syrian Arab Republic","2010","6","Yes","No","Yes","No","No","No","Not applicable"
"Syrian Arab Republic","2007","0","No","Not applicable","Not applicable","No","No","No","No"
"Tajikistan","2014","0","Yes","Yes","Yes","No","Yes","No","Not applicable"
"Tajikistan","2012","0","Yes","Yes","Yes","No","Yes","No","Not applicable"
"Tajikistan","2010","0","Yes","Yes","Yes","No","Yes","No","Not applicable"
"Tajikistan","2007","0","No","Not applicable","Not applicable","No","No","No","No"
"Thailand","2014","8","Yes","No","Yes","No","Yes","No","Not applicable"
"Thailand","2012","8","Yes","No","Yes","No","Yes","No","Not applicable"
"Thailand","2010","8","Yes","No","Yes","No","Yes","No","Not applicable"
"Thailand","2007","1","Yes","No","Yes","No","Yes","No","No"
"Republic of North Macedonia","2014","7","Yes","Yes","Yes","No","No","No","Not applicable"
"Republic of North Macedonia","2012","7","Yes","Yes","Yes","No","No","No","Not applicable"
"Republic of North Macedonia","2010","7","Yes","Yes","Yes","No","No","No","Not applicable"
"Republic of North Macedonia","2007","0","Yes","Yes","Yes","No","No","No","No"
"Timor-Leste","2014","1","No","Not applicable","Not applicable","No","No","No","Not applicable"
"Timor-Leste","2012","1","No","Not applicable","Not applicable","No","No","No","Not applicable"
"Timor-Leste","2010","1","No","Not applicable","Not applicable","No","No","No","Not applicable"
"Timor-Leste","2007","0","No","Not applicable","Not applicable","No","No","No","No"
"Togo","2014","4","Yes","Yes","Yes","No","Yes","No","Not applicable"
"Togo","2012","4","Yes","Yes","Yes","No","No","No","Not applicable"
"Togo","2010","4","Yes","No","Yes","No","No","No","Not applicable"
"Togo","2007","0","No","Not applicable","Not applicable","No","No","No","No"
"Tonga","2014","1","Yes","Yes","Yes","No","No","No","Not applicable"
"Tonga","2012","1","Yes","Yes","Yes","No","No","No","Not applicable"
"Tonga","2010","1","Yes","Yes","Yes","No","No","No","Not applicable"
"Tonga","2007","1","Yes","Yes","Yes","No","No","No","No"
"Trinidad and Tobago","2014","8","Yes","Yes","Yes","No","No","No","Not applicable"
"Trinidad and Tobago","2012","8","Yes","Yes","Yes","No","No","No","Not applicable"
"Trinidad and Tobago","2010","8","Yes","Yes","Yes","No","No","No","Not applicable"
"Trinidad and Tobago","2007","1","No","Not applicable","Not applicable","No","No","No","No"
"Tunisia","2014","0","Yes","No","Yes","No","Yes","No","Not applicable"
"Tunisia","2012","0","Yes","No","Yes","No","Yes","No","Not applicable"
"Tunisia","2010","0","Yes","No","Yes","No","Yes","No","Not applicable"
"Tunisia","2007","0","Yes","No","Yes","No","Yes","No","No"
"Turkey","2014","8","Yes","Yes","Yes","Yes","Yes","No","Not applicable"
"Turkey","2012","8","Yes","Yes","Yes","Yes","Yes","No","Not applicable"
"Turkey","2010","8","Yes","Yes","Yes","Yes","Yes","No","Not applicable"
"Turkey","2007","0","No","Not applicable","Not applicable","No","No","No","No"
"Turkmenistan","2014","8","Yes","Yes","Yes","No","No","No","Not applicable"
"Turkmenistan","2012","8","Yes","No","Yes","No","No","No","Not applicable"
"Turkmenistan","2010","8","Yes","No","Yes","No","No","No","Not applicable"
"Turkmenistan","2007","8","Yes","No","Yes","No","No","No","Not applicable"
"Tuvalu","2014","4","Yes","Yes","Yes","No","No","No","Not applicable"
"Tuvalu","2012","4","Yes","Yes","Yes","No","No","No","Not applicable"
"Tuvalu","2010","4","Yes","Yes","Yes","No","No","No","Not applicable"
"Tuvalu","2007","0","No","Not applicable","Not applicable","No","No","No","No"
"Uganda","2014","5","Yes","Yes","Yes","No","No","Yes","No"
"Uganda","2012","5","Yes","Yes","Yes","No","No","Yes","No"
"Uganda","2010","5","Yes","Yes","Yes","No","No","Yes","No"
"Uganda","2007","5","Yes","Yes","Yes","No","No","Yes","No"
"Ukraine","2014","7","Yes","Yes","Yes","No","No","Yes","No"
"Ukraine","2012","7","Yes","Yes","Yes","No","No","Yes","No"
"Ukraine","2010","4","Yes","No","Yes","No","No","Yes","No"
"Ukraine","2007","0","Yes","No","Yes","No","No","Yes","No"
"United Arab Emirates","2014","3","Yes","Yes","Yes","No","No","Yes","No"
"United Arab Emirates","2012","3","Yes","Yes","Yes","No","No","Yes","No"
"United Arab Emirates","2010","3","Yes","Yes","Yes","No","No","Yes","No"
"United Arab Emirates","2007","2","No","Not applicable","Not applicable","No","No","Yes","No"
"United Kingdom of Great Britain and Northern Ireland","2014","8","Yes","Yes","Yes","No","Yes","Yes","Yes"
"United Kingdom of Great Britain and Northern Ireland","2012","8","Yes","Yes","Yes","No","Yes","Yes","Yes"
"United Kingdom of Great Britain and Northern Ireland","2010","8","Yes","Yes","Yes","No","Yes","Yes","Yes"
"United Kingdom of Great Britain and Northern Ireland","2007","8","No","Not applicable","Not applicable","No","No","Yes","Yes"
"United Republic of Tanzania","2014","0","Yes","Yes","Yes","No","No","Yes","No"
"United Republic of Tanzania","2012","0","Yes","Yes","Yes","No","No","Yes","No"
"United Republic of Tanzania","2010","0","Yes","Yes","Yes","No","No","Yes","No"
"United Republic of Tanzania","2007","0","Yes","Yes","Yes","No","No","Yes","No"
"United States of America","2014","1","No","Not applicable","Not applicable","No","No","Yes","Yes"
"United States of America","2012","1","No","Not applicable","Not applicable","No","No","Yes","Yes"
"United States of America","2010","1","No","Not applicable","Not applicable","No","No","Yes","Yes"
"United States of America","2007","0","No","Not applicable","Not applicable","No","No","Yes","Yes"
"Uruguay","2014","8","Yes","Yes","No","Yes","Yes","No","Not applicable"
"Uruguay","2012","8","Yes","Yes","No","Yes","Yes","No","Not applicable"
"Uruguay","2010","8","Yes","Yes","Yes","Yes","Yes","No","Not applicable"
"Uruguay","2007","8","Yes","Yes","No","No","No","No","Not applicable"
"Uzbekistan","2014","1","Yes","No","Yes","No","No","No","Not applicable"
"Uzbekistan","2012","1","Yes","No","Yes","No","No","No","Not applicable"
"Uzbekistan","2010","2","Yes","No","Yes","No","No","No","Not applicable"
"Uzbekistan","2007","2","No","Not applicable","Not applicable","No","No","No","No"
"Vanuatu","2014","0","Yes","Yes","Yes","No","No","No","Not applicable"
"Vanuatu","2012","0","Yes","Yes","Yes","No","No","No","Not applicable"
"Vanuatu","2010","0","Yes","Yes","Yes","No","No","No","Not applicable"
"Vanuatu","2007","1","Yes","No","Yes","No","No","No","No"
"Venezuela (Bolivarian Republic of)","2014","8","Yes","Yes","Yes","Yes","Yes","Yes","No"
"Venezuela (Bolivarian Republic of)","2012","8","Yes","Yes","Yes","Yes","Yes","Yes","Not applicable"
"Venezuela (Bolivarian Republic of)","2010","2","Yes","Yes","Yes","Yes","Yes","Yes","No"
"Venezuela (Bolivarian Republic of)","2007","2","Yes","Yes","Yes","Yes","Yes","Yes","No"
"Viet Nam","2014","6","Yes","Yes","Yes","Yes","Yes","No","Not applicable"
"Viet Nam","2012","6","Yes","Yes","Yes","Yes","Yes","No","Not applicable"
"Viet Nam","2010","6","Yes","No","Yes","No","Yes","No","Not applicable"
"Viet Nam","2007","6","Yes","No","Yes","No","Yes","No","No"
"Yemen","2014","6","Yes","No","Yes","Yes","No","No","Not applicable"
"Yemen","2012","0","Yes","No","Yes","Yes","No","No","Not applicable"
"Yemen","2010","0","Yes","No","Yes","Yes","No","No","Not applicable"
"Yemen","2007","0","Yes","No","Yes","Yes","No","No","No"
"Zambia","2014","7","Yes","No","Yes","No","Yes","No","Not applicable"
"Zambia","2012","7","Yes","No","Yes","No","Yes","No","Not applicable"
"Zambia","2010","7","Yes","No","Yes","No","Yes","No","Not applicable"
"Zambia","2007","3","Yes","No","Yes","No","Yes","No","No"
"Zimbabwe","2014","4","Yes","No","Yes","No","Yes","No","Not applicable"
"Zimbabwe","2012","4","Yes","No","Yes","No","Yes","No","Not applicable"
"Zimbabwe","2010","4","Yes","No","Yes","No","Yes","No","Not applicable"
"Zimbabwe","2007","4","Yes","No","Yes","No","Yes","No","No"
