"Country","Year","Most sold brand of cigarettes - taxes as a % of price - specific excise","Most sold brand of cigarettes - taxes as a % of price - ad valorem excise","Most sold brand of cigarettes - taxes as a % of price - import duties","Most sold brand of cigarettes - taxes as a % of price - value added tax","Most sold brand of cigarettes - taxes as a % of price - other taxes","Most sold brand of cigarettes - taxes as a % of price - total tax","Tobacco excises increased over the survey period"
"Afghanistan","2014","0.00","0.00","2.80","0.00","0.00","2.80","No"
"Afghanistan","2012","0.00","0.00","2.45","0.00","0.00","2.45","No"
"Afghanistan","2010","0.00","0.00","3.60","0.00","0.00","3.60","--"
"Afghanistan","2008","0.00","0.00","7.79","0.00","0.00","7.79","--"
"Albania","2014","45.00","0.00","2.40","16.70","0.00","64.10","Yes"
"Albania","2012","41.18","0.00","2.85","16.67","0.00","60.70","Yes"
"Albania","2010","33.33","0.00","2.94","16.67","0.00","52.94","--"
"Albania","2008","30.77","0.00","2.52","16.67","0.00","49.95","--"
"Algeria","2014","38.10","0.00","0.00","12.70","0.00","50.80","No"
"Algeria","2012","38.14","0.00","0.00","12.65","0.00","50.79","No"
"Algeria","2010","35.79","0.00","0.00","12.99","0.00","48.78","--"
"Algeria","2008","39.17","0.00","0.00","13.28","0.00","52.46","--"
"Andorra","2014","63.90","0.00","0.00","4.30","0.00","68.20","Yes"
"Andorra","2012","53.48","0.00","0.00","1.04","1.75","56.27","No"
"Andorra","2010","0.83","1.68","54.17","1.34","0.00","58.02","--"
"Andorra","2008",". . .",". . .",". . .",". . .",". . .",". . .","--"
"Angola","2014","0.00","0.00","0.00","22.90","0.80","23.70","No"
"Angola","2012","0.00","0.00","0.00","22.99","0.38","23.37","No"
"Angola","2010",". . .",". . .",". . .",". . .",". . .",". . .","--"
"Angola","2008","0.00","0.00","0.00","22.99","0.38","23.37","--"
"Antigua and Barbuda","2014","0.00","0.00","5.60","13.00","1.60","20.20","No"
"Antigua and Barbuda","2012","0.00","0.00","6.84","13.04","1.95","21.84","No"
"Antigua and Barbuda","2010","0.00","0.00","6.03","13.04","1.72","20.80","--"
"Antigua and Barbuda","2008","0.00","0.00","6.03","13.04","1.72","20.80","--"
"Argentina","2014","0.00","64.30","0.00","5.50","0.00","69.80","No"
"Argentina","2012","0.00","64.59","0.00","5.34","0.00","69.93","No"
"Argentina","2010","0.00","63.93","0.00","5.34","0.00","69.27","--"
"Argentina","2008","0.00","62.60","0.00","6.60","0.00","69.20","--"
"Armenia","2014","16.70","0.00","0.00","16.70","0.00","33.30","Yes"
"Armenia","2012","20.00","0.00","0.00","5.00","0.00","25.00","Yes"
"Armenia","2010","18.08","0.00","2.01","3.55","0.00","23.64","--"
"Armenia","2008","16.83","0.00","1.87","3.30","0.00","22.00","--"
"Australia","2014","47.70","0.00","0.00","9.10","0.00","56.80","Yes"
"Australia","2012","51.19","0.00","0.00","9.09","0.00","60.29","Yes"
"Australia","2010","54.72","0.00","0.00","9.09","0.00","63.81","--"
"Australia","2008","53.02","0.00","0.00","9.09","0.00","62.11","--"
"Austria","2014","16.30","41.00","0.00","16.70","0.00","74.00","Yes"
"Austria","2012","15.56","42.00","0.00","16.67","0.00","74.23","Yes"
"Austria","2010","13.35","43.00","0.00","16.67","0.00","73.02","--"
"Austria","2008","14.83","43.00","0.00","16.67","0.00","74.49","--"
"Azerbaijan","2014","2.00","0.00","0.00","15.30","0.00","17.30","No"
"Azerbaijan","2012","2.59","0.00","0.72","15.25","0.00","18.56","No"
"Azerbaijan","2010","4.13","0.00","1.15","15.25","0.00","20.54","--"
"Azerbaijan","2008","4.12","0.00","1.14","15.25","0.00","20.52","--"
"Bahamas","2014","42.90","0.00","0.00","0.00","0.00","42.90","Yes"
"Bahamas","2012","0.00","26.40","0.00","0.00","0.00","26.40","Yes"
"Bahamas","2010","0.00","31.23","0.00","0.00","0.00","31.23","--"
"Bahamas","2008","0.00","31.23","0.00","0.00","0.00","31.23","--"
"Bahrain","2014","0.00","0.00","40.00","0.00","0.00","40.00","No"
"Bahrain","2012","0.00","0.00","20.00","0.00","0.00","20.00","No"
"Bahrain","2010","0.00","0.00","28.57","0.00","0.00","28.57","--"
"Bahrain","2008","0.00","0.00","33.33","0.00","0.00","33.33","--"
"Bangladesh","2014","0.00","61.00","0.00","15.00","0.00","76.00","Yes"
"Bangladesh","2012","0.00","56.00","0.00","15.00","0.00","71.00","Yes"
"Bangladesh","2010","0.00","53.00","0.00","15.00","0.00","68.00","--"
"Bangladesh","2008","0.00","52.00","0.00","15.00","0.00","67.00","--"
"Barbados","2014","27.20","0.00","0.00","14.90","0.00","42.00","No"
"Barbados","2012","33.30","0.00","0.00","14.89","0.00","48.20","No"
"Barbados","2010","34.18","0.00","0.00","13.04","0.58","47.80","--"
"Barbados","2008","34.18","0.00","0.00","13.04","0.55","47.77","--"
"Belarus","2014","34.50","0.00","0.00","16.70","0.00","51.20","Yes"
"Belarus","2012","25.81","0.00","0.00","16.67","0.00","42.48","Yes"
"Belarus","2010","10.04","0.00","0.00","16.67","0.00","26.71","--"
"Belarus","2008","8.00","0.00","0.00","15.25","0.00","23.25","--"
"Belgium","2014","8.20","50.40","0.00","17.40","0.00","75.90","Yes"
"Belgium","2012","6.18","52.54","0.00","17.36","0.00","76.08","Yes"
"Belgium","2010","6.58","52.41","0.00","17.36","0.00","76.35","--"
"Belgium","2008","7.66","52.41","0.00","17.36","0.00","77.43","--"
"Belize","2014","0.00","0.00","0.00","11.10","26.00","37.10","No"
"Belize","2012","0.00","0.00","0.00","11.11","26.00","37.11","No"
"Belize","2010","48.00","0.00","0.00","11.11","0.08","59.19","--"
"Belize","2008","48.00","0.00","0.00","9.09","0.08","57.17","--"
"Benin","2014","0.00","5.40","0.00","2.40","0.90","8.70","No"
"Benin","2012","0.00","5.38","0.00","2.42","0.94","8.74","No"
"Benin","2010","0.00","7.36","0.00","3.31","1.28","11.96","--"
"Benin","2008","0.00","4.46","0.00","2.01","0.78","7.24","--"
"Bhutan","2014",". . .",". . .",". . .",". . .",". . .",". . .","No"
"Bhutan","2012",". . .",". . .",". . .",". . .",". . .",". . .","--"
"Bhutan","2010",". . .",". . .",". . .",". . .",". . .",". . .","--"
"Bhutan","2008",". . .",". . .",". . .",". . .",". . .",". . .","--"
"Bolivia (Plurinational State of)","2014","0.00","27.30","0.00","13.00","0.00","40.40","No"
"Bolivia (Plurinational State of)","2012","0.00","27.31","0.00","13.04","0.00","40.35","No"
"Bolivia (Plurinational State of)","2010","0.00","25.67","0.00","13.00","0.00","38.67","--"
"Bolivia (Plurinational State of)","2008","0.00","29.50","0.00","11.50","0.00","41.00","--"
"Bosnia and Herzegovina","2014","24.30","42.00","1.50","14.50","0.00","82.30","Yes"
"Bosnia and Herzegovina","2012","16.07","42.00","2.21","14.53","0.00","74.82","Yes"
"Bosnia and Herzegovina","2010","13.17","42.00","2.45","14.53","0.00","72.15","--"
"Bosnia and Herzegovina","2008","0.00","41.97","0.00","14.53","0.00","56.50","--"
"Botswana","2014","42.40","9.50","0.00","10.70","0.00","62.70","Yes"
"Botswana","2012","41.28","0.00","0.00","10.71","0.00","51.99","Yes"
"Botswana","2010","39.10","0.00","0.00","9.09","0.00","48.19","--"
"Botswana","2008","38.97","0.00","0.00","9.09","0.00","48.06","--"
"Brazil","2014","20.90","8.10","0.00","25.00","11.00","64.90","Yes"
"Brazil","2012","21.18","6.00","0.00","25.00","10.97","63.15","Yes"
"Brazil","2010","23.38","0.00","0.00","25.00","10.97","59.35","--"
"Brazil","2008","25.79","0.00","0.00","25.00","6.36","57.15","--"
"Brunei Darussalam","2014","61.70","0.00","0.00","0.00","0.00","61.70","No"
"Brunei Darussalam","2012","67.57","0.00","0.00","0.00","0.00","67.57","Yes"
"Brunei Darussalam","2010","53.57","0.00","0.00","0.00","0.00","53.57","--"
"Brunei Darussalam","2008","53.57","0.00","0.00","0.00","0.00","53.57","--"
"Bulgaria","2014","43.00","23.00","0.00","16.70","0.00","82.70","No"
"Bulgaria","2012","43.91","23.00","0.00","16.67","0.00","83.58","No"
"Bulgaria","2010","49.03","23.00","0.00","16.67","0.00","88.70","--"
"Bulgaria","2008","28.28","40.50","0.00","16.67","0.00","85.44","--"
"Burkina Faso","2014","0.00","17.00","0.00","15.30","0.00","32.20","No"
"Burkina Faso","2012","0.00","16.95","0.00","15.25","0.00","32.20","No"
"Burkina Faso","2010","0.00","16.95","0.00","15.25","0.00","32.20","--"
"Burkina Faso","2008","0.00","15.28","0.00","15.25","0.00","30.54","--"
"Burundi","2014","27.50","0.00","0.00","15.30","0.00","42.80","No"
"Burundi","2012","0.00","38.44","0.00","15.25","0.00","53.69","No"
"Burundi","2010","0.00","36.26","0.00","15.25","4.81","56.32","--"
"Burundi","2008","0.00","46.08","0.00","7.83","5.07","58.99","--"
"Cabo Verde","2014","0.00","12.30","0.00","9.20","0.30","21.90","No"
"Cabo Verde","2012","0.00","12.32","0.00","9.24","0.31","21.87","Yes"
"Cabo Verde","2010","0.00","12.32","0.00","9.24","0.31","21.87","--"
"Cabo Verde","2008","0.00","12.32","0.00","9.24","0.31","21.87","--"
"Cambodia","2014","0.00","13.20","0.00","9.10","0.00","22.20","Yes"
"Cambodia","2012","0.00","8.03","0.00","9.09","0.00","17.13","No"
"Cambodia","2010","0.00","8.03","0.00","9.09","0.00","17.13","--"
"Cambodia","2008","0.00","8.03","0.00","9.09","0.00","17.13","--"
"Cameroon","2014","0.00","6.70","6.20","6.40","1.30","20.70","No"
"Cameroon","2012","0.00","7.29","6.73","7.02","1.46","22.49","No"
"Cameroon","2010","0.00","6.87","6.34","6.62","1.37","21.21","--"
"Cameroon","2008","0.00","7.35","6.79","7.08","1.47","22.69","--"
"Canada","2014","60.90","0.00","0.00","8.90","0.00","69.80","No"
"Canada","2012","55.61","0.00","0.00","8.84","0.00","64.45","Yes"
"Canada","2010","53.35","0.00","0.00","8.87","0.00","62.22","--"
"Canada","2008","58.79","0.00","0.00","5.76","0.00","64.55","--"
"Central African Republic","2014","0.00","16.80","0.00","16.00","0.00","32.80","No"
"Central African Republic","2012",". . .",". . .",". . .",". . .",". . .","0.00","No"
"Central African Republic","2010","0.00","16.81","0.00","15.97","0.00","32.77","--"
"Central African Republic","2008","0.00","16.81","0.00","15.97","0.00","32.77","--"
"Chad","2014","0.00","20.00","0.00","11.90","2.10","34.00","Yes"
"Chad","2012","0.00","10.00","0.00","13.31","2.74","26.05","No"
"Chad","2010","0.00","10.00","0.00","13.31","2.74","26.05","--"
"Chad","2008","0.00","10.00","0.00","13.31","2.74","26.05","--"
"Chile","2014","4.40","60.50","0.00","16.00","0.00","80.80","Yes"
"Chile","2012","2.98","62.30","0.00","15.97","0.00","81.24","Yes"
"Chile","2010","0.00","60.40","0.00","15.97","0.00","76.37","--"
"Chile","2008","0.00","60.40","0.00","15.97","0.00","76.37","--"
"China","2014","0.60","29.30","0.00","14.50","0.00","44.40","No"
"China","2012","0.60","29.20","0.00","14.53","0.00","44.33","No"
"China","2010","1.20","29.82","0.00","14.53","0.00","45.55","--"
"China","2008","1.20","21.68","0.00","14.53","0.00","37.41","--"
"Colombia","2014","25.70","10.00","0.00","13.80","0.00","49.40","Yes"
"Colombia","2012","26.79","10.00","0.00","13.79","0.00","50.59","Yes"
"Colombia","2010","30.32","10.00","0.00","9.61","0.00","49.93","--"
"Colombia","2008","23.80","0.00","0.00","10.51","0.00","34.31","--"
"Comoros","2014","0.00","37.70","3.10","9.10","1.40","51.40","No"
"Comoros","2012","0.00","37.73","3.14","9.09","1.41","51.38","Yes"
"Comoros","2010","0.00","37.68","3.14","9.09","1.41","51.32","--"
"Comoros","2008","0.00","28.26","3.14","9.09","1.41","41.90","--"
"Congo","2014","6.70","14.20","0.00","15.30","4.80","40.90","Yes"
"Congo","2012","0.00","15.48","0.00","15.25","4.76","35.50","No"
"Congo","2010","0.00","15.48","0.00","15.25","4.76","35.50","--"
"Congo","2008","0.00","15.48","0.00","15.25","4.76","35.50","--"
"Cook Islands","2014","52.00","0.00","0.00","8.80","0.00","60.80","Yes"
"Cook Islands","2012","62.00","0.00","0.00","9.08","0.00","71.08","No"
"Cook Islands","2010","39.51","0.00","0.00","6.83","0.00","46.34","--"
"Cook Islands","2008","39.51","0.00","0.00","6.55","0.00","46.07","--"
"Costa Rica","2014","27.40","30.90","0.00","11.50","0.00","69.80","Yes"
"Costa Rica","2012","30.77","29.23","0.00","11.50","0.00","71.50","Yes"
"Costa Rica","2010","0.00","44.22","0.00","11.50","0.00","55.72","--"
"Costa Rica","2008","0.00","44.22","0.00","11.50","0.00","55.72","--"
"C么te d'Ivoire","2014","0.00","15.20","0.00","10.90","0.00","26.10","Yes"
"C么te d'Ivoire","2012","0.00","14.51","0.00","10.82","0.00","25.33","No"
"C么te d'Ivoire","2010","0.00","14.50","0.00","10.82","0.00","25.32","--"
"C么te d'Ivoire","2008","0.00","14.50","0.00","10.82","0.00","25.32","--"
"Croatia","2014","18.30","37.00","0.00","20.00","0.00","75.30","Yes"
"Croatia","2012","18.00","33.00","0.00","20.00","0.00","71.00","No"
"Croatia","2010","20.00","33.00","0.00","18.70","0.00","71.70","--"
"Croatia","2008","42.67","0.00","0.00","18.03","0.00","60.70","--"
"Cuba","2014",". . .",". . .",". . .",". . .",". . .",". . .","No"
"Cuba","2012","75.13","0.00","0.00","0.00","0.00","75.13","No"
"Cuba","2010",". . .",". . .",". . .",". . .",". . .",". . .","--"
"Cuba","2008","75.00","0.00","0.00","0.00","0.00","75.00","--"
"Cyprus","2014","27.50","34.00","0.00","16.00","0.00","77.50","Yes"
"Cyprus","2012","21.33","40.00","0.00","14.53","0.00","75.86","Yes"
"Cyprus","2010","14.54","44.50","0.00","13.04","0.00","72.08","--"
"Cyprus","2008","14.54","44.50","0.00","13.04","0.00","72.08","--"
"Czechia","2014","33.10","27.00","0.00","17.40","0.00","77.40","Yes"
"Czechia","2012","32.94","28.00","0.00","16.67","0.00","77.61","Yes"
"Czechia","2010","33.97","28.00","0.00","16.67","0.00","78.63","--"
"Czechia","2008","38.87","28.00","0.00","15.97","0.00","82.83","--"
"Democratic People's Republic of Korea","2014","0.00","0.00","0.00","0.00","0.00","0.00","No"
"Democratic People's Republic of Korea","2012",". . .",". . .",". . .",". . .",". . .","0.00","No"
"Democratic People's Republic of Korea","2010",". . .",". . .",". . .",". . .",". . .",". . .","--"
"Democratic People's Republic of Korea","2008",". . .",". . .",". . .",". . .",". . .",". . .","--"
"Democratic Republic of the Congo","2014","13.60","10.20","10.20","13.80","0.00","47.80","No"
"Democratic Republic of the Congo","2012","13.48","12.12","0.00","13.79","0.00","39.40","Yes"
"Democratic Republic of the Congo","2010","14.15","14.31","0.00","0.00","0.00","28.45","--"
"Democratic Republic of the Congo","2008","14.67","14.22","0.00","0.00","0.00","28.89","--"
"Denmark","2014","53.80","1.00","0.00","20.00","0.00","74.80","Yes"
"Denmark","2012","58.33","1.00","0.00","20.00","0.00","79.33","Yes"
"Denmark","2010","34.04","20.80","0.00","20.00","0.00","74.84","--"
"Denmark","2008","39.78","13.61","0.00","20.00","0.00","73.39","--"
"Djibouti","2014","0.00","26.30","0.00","2.30","0.00","28.70","No"
"Djibouti","2012","0.00","26.34","0.00","2.31","0.00","28.65","No"
"Djibouti","2010","0.00","25.51","0.00","0.00","0.00","25.51","--"
"Djibouti","2008","0.00","24.07","0.00","0.00","0.00","24.07","--"
"Dominica","2014","10.40","0.00","0.00","13.00","0.00","23.40","No"
"Dominica","2012","10.35","0.00","0.00","13.04","0.00","23.40","No"
"Dominica","2010","12.57","0.00","0.00","13.04","0.00","25.61","--"
"Dominica","2008","12.57","0.00","0.00","13.04","0.00","25.61","--"
"Dominican Republic","2014","26.70","17.00","0.00","15.30","0.00","58.90","Yes"
"Dominican Republic","2012","27.55","17.24","0.00","13.79","0.00","58.59","Yes"
"Dominican Republic","2010","26.08","17.24","0.00","13.79","0.00","57.11","--"
"Dominican Republic","2008","26.00","17.24","0.00","13.79","0.00","57.03","--"
"Ecuador","2014","59.70","0.00","0.00","10.70","0.00","70.40","Yes"
"Ecuador","2012","62.31","0.00","0.00","10.71","0.00","73.02","Yes"
"Ecuador","2010","0.00","53.57","0.00","10.71","0.00","64.29","--"
"Ecuador","2008","0.00","53.57","0.00","10.71","0.00","64.29","--"
"Egypt","2014","23.10","50.00","0.00","0.00","0.00","73.10","Yes"
"Egypt","2012","22.50","50.00","0.00","0.00","0.00","72.50","Yes"
"Egypt","2010","33.75","40.00","0.00","0.00","0.00","73.75","--"
"Egypt","2008","59.27","0.00","0.00","0.00","0.00","59.27","--"
"El Salvador","2014","22.50","18.50","0.00","11.50","0.00","52.50","No"
"El Salvador","2012","23.08","18.35","0.00","11.50","0.00","52.94","No"
"El Salvador","2010","25.71","17.61","0.00","11.50","0.00","54.83","--"
"El Salvador","2008","7.14","22.83","0.00","11.50","0.00","41.47","--"
"Equatorial Guinea","2014","0.00","22.10","13.20","8.60","0.40","44.40","No"
"Equatorial Guinea","2012","0.00","22.43","13.46","8.75","0.45","45.08","Yes"
"Equatorial Guinea","2010","0.00","19.64","11.78","7.66","0.39","39.47","--"
"Equatorial Guinea","2008","0.00","13.88","8.33","5.41","0.28","27.90","--"
"Eritrea","2014","0.00","44.60","0.00","10.70","0.00","55.40","No"
"Eritrea","2012","0.00","44.64","0.00","10.71","0.00","55.36","No"
"Eritrea","2010","0.00","44.64","0.00","10.71","0.00","55.36","--"
"Eritrea","2008","0.00","44.64","0.00","10.71","0.00","55.36","--"
"Estonia","2014","26.60","34.00","0.00","16.70","0.00","77.20","Yes"
"Estonia","2012","27.21","33.00","0.00","16.67","0.00","76.88","Yes"
"Estonia","2010","32.91","33.00","0.00","16.67","0.00","82.58","--"
"Estonia","2008","31.08","31.00","0.00","15.25","0.00","77.33","--"
"Eswatini","2014","33.10","0.00","0.00","20.00","0.00","53.10","Yes"
"Eswatini","2012",". . .",". . .",". . .",". . .",". . .","0.00","No"
"Eswatini","2010","32.51","0.00","0.00","16.67","0.00","49.18","--"
"Eswatini","2008","28.00","0.00","0.00","16.67","0.00","44.67","--"
"Ethiopia","2014","0.00","13.90","0.00","4.90","0.00","18.80","No"
"Ethiopia","2012","0.00","25.43","0.00","8.90","0.00","34.33","No"
"Ethiopia","2010","0.00","29.06","0.00","10.17","0.00","39.23","--"
"Ethiopia","2008","0.00","18.57","0.00","6.50","0.00","25.07","--"
"Fiji","2014","31.10","0.00","0.00","13.00","0.00","44.10","Yes"
"Fiji","2012","27.79","0.00","0.00","13.04","0.00","40.84","No"
"Fiji","2010",". . .",". . .",". . .",". . .",". . .",". . .","--"
"Fiji","2008","38.47","0.00","0.00","11.11","0.00","49.58","--"
"Finland","2014","10.20","52.00","0.00","19.40","0.00","81.50","Yes"
"Finland","2012","9.18","52.00","0.00","18.70","0.00","79.88","Yes"
"Finland","2010","7.95","52.00","0.00","18.70","0.00","78.65","--"
"Finland","2008","6.88","52.00","0.00","18.03","0.00","76.91","--"
"France","2014","13.90","49.70","0.00","16.70","0.00","80.30","Yes"
"France","2012","8.90","54.57","0.00","16.39","0.00","79.86","Yes"
"France","2010","6.03","57.97","0.00","16.39","0.00","80.39","--"
"France","2008","6.03","57.97","0.00","16.39","0.00","80.39","--"
"Gabon","2014","0.00","19.60","0.00","15.30","0.00","34.80","No"
"Gabon","2012","0.00","19.56","0.00","15.25","0.00","34.81","No"
"Gabon","2010","0.00","6.65","0.00","15.25","0.00","21.90","--"
"Gabon","2008","0.00","5.91","0.00","15.25","0.00","21.17","--"
"Gambia","2014","30.00","0.00","2.30","6.60","6.90","45.80","Yes"
"Gambia","2012","22.00","0.00","5.75","8.47","1.92","38.14","Yes"
"Gambia","2010","30.00","0.00","9.77","13.29","3.00","56.06","--"
"Gambia","2008","30.00","0.00","7.96","11.67","2.82","52.44","--"
"Georgia","2014","34.10","0.00","0.00","15.30","0.00","49.40","Yes"
"Georgia","2012","31.58","0.00","0.00","15.25","0.00","46.83","No"
"Georgia","2010","33.33","0.00","0.00","15.25","0.00","48.59","--"
"Georgia","2008","33.33","0.00","0.00","15.25","0.00","48.59","--"
"Germany","2014","35.20","21.70","0.00","16.00","0.00","72.90","Yes"
"Germany","2012","35.19","21.87","0.00","15.97","0.00","73.03","Yes"
"Germany","2010","33.43","24.66","0.00","15.97","0.00","74.06","--"
"Germany","2008","35.15","24.66","0.00","15.97","0.00","75.78","--"
"Ghana","2014","0.00","13.20","0.00","14.90","0.20","28.30","No"
"Ghana","2012","0.00","9.68","0.00","13.04","0.16","22.88","Yes"
"Ghana","2010","0.00","9.03","0.00","13.04","0.16","22.23","--"
"Ghana","2008","13.33","0.00","0.00","13.04","0.52","26.89","--"
"Greece","2014","41.30","20.00","0.00","18.70","0.00","80.00","Yes"
"Greece","2012","11.01","52.45","0.00","18.70","0.00","82.16","Yes"
"Greece","2010","8.57","58.43","0.00","18.70","0.00","85.70","--"
"Greece","2008","3.67","53.83","0.00","15.97","0.00","73.47","--"
"Grenada","2014","0.00","32.80","0.00","13.00","2.00","47.80","No"
"Grenada","2012",". . .",". . .",". . .",". . .",". . .","0.00","No"
"Grenada","2010","0.00","34.70","0.00","13.04","1.74","49.48","--"
"Grenada","2008","0.00","0.00","40.50","0.00","0.00","40.50","--"
"Guatemala","2014","0.00","38.30","0.00","10.70","0.00","49.00","No"
"Guatemala","2012","0.00","38.27","0.00","10.71","0.00","48.98","No"
"Guatemala","2010","0.00","41.07","0.00","10.71","0.00","51.79","--"
"Guatemala","2008","0.00","41.07","0.00","10.71","0.00","51.79","--"
"Guinea","2014",". . .",". . .",". . .",". . .",". . .",". . .","No"
"Guinea","2012","0.00","11.05","9.03","15.25","1.24","36.58","No"
"Guinea","2010","0.00","11.05","14.31","15.25","1.97","42.58","--"
"Guinea","2008","0.00","11.05","13.42","15.25","1.85","41.57","--"
"Guinea-Bissau","2014","0.00","3.30","2.10","13.00","0.70","19.10","No"
"Guinea-Bissau","2012","0.00","2.34","1.47","13.04","0.52","17.37","No"
"Guinea-Bissau","2010","0.00","2.34","1.47","13.04","0.52","17.37","--"
"Guinea-Bissau","2008","0.00","2.34","1.47","13.04","0.52","17.37","--"
"Guyana","2014","0.00","11.40","0.00","13.80","0.00","25.20","No"
"Guyana","2012","0.00","11.40","0.00","13.79","0.00","25.19","No"
"Guyana","2010","0.00","11.40","0.00","13.79","0.00","25.19","--"
"Guyana","2008","0.00","14.25","0.00","13.79","0.00","28.04","--"
"Haiti","2014",". . .",". . .",". . .",". . .",". . .",". . .","No"
"Haiti","2012",". . .",". . .",". . .",". . .",". . .","0.00","No"
"Haiti","2010",". . .",". . .",". . .",". . .",". . .",". . .","--"
"Haiti","2008",". . .",". . .",". . .",". . .",". . .",". . .","--"
"Honduras","2014","21.50","0.00","0.00","15.30","0.00","36.80","Yes"
"Honduras","2012","20.99","0.00","0.00","13.04","0.00","34.03","No"
"Honduras","2010","25.93","0.00","0.00","13.04","0.00","38.97","--"
"Honduras","2008","0.00","32.20","0.00","13.04","0.00","45.25","--"
"Hungary","2014","25.00","31.00","0.00","21.30","0.00","77.30","Yes"
"Hungary","2012","31.40","31.00","0.00","21.26","0.00","83.66","Yes"
"Hungary","2010","30.63","28.30","0.00","20.00","0.00","78.93","--"
"Hungary","2008","29.08","28.30","0.00","16.67","0.00","74.05","--"
"Iceland","2014","36.10","0.00","0.00","20.30","0.00","56.40","Yes"
"Iceland","2012","36.64","0.00","0.00","20.32","0.00","56.96","Yes"
"Iceland","2010","36.13","0.00","0.00","20.32","0.00","56.44","--"
"Iceland","2008","38.65","0.00","0.00","19.68","0.00","58.33","--"
"India","2014","42.50","1.30","0.00","16.70","0.00","60.40","Yes"
"India","2012","24.37","0.73","0.00","16.67","0.00","41.77","Yes"
"India","2010","27.69","0.83","0.00","16.67","0.00","45.18","--"
"India","2008","28.24","0.85","0.00","16.67","0.00","45.76","--"
"Indonesia","2014","40.90","4.10","0.00","8.40","0.00","53.40","Yes"
"Indonesia","2012","42.60","0.00","0.00","8.40","0.00","51.00","Yes"
"Indonesia","2010","45.71","0.00","0.00","8.40","0.00","54.11","--"
"Indonesia","2008","5.60","38.64","0.00","8.40","0.00","52.64","--"
"Iran (Islamic Republic of)","2014","0.00","0.00","0.00","2.40","2.40","4.80","Yes"
"Iran (Islamic Republic of)","2012","0.00","0.00","0.00","2.16","0.54","2.70","No"
"Iran (Islamic Republic of)","2010","0.00","0.00","0.00","2.16","0.54","2.70","--"
"Iran (Islamic Republic of)","2008","0.00","0.00","0.00","2.16","0.54","2.70","--"
"Iraq","2014","0.00","0.00","19.20","0.00","0.00","19.20","Yes"
"Iraq","2012","0.00","0.00","4.20","0.00","0.00","4.20","No"
"Iraq","2010","0.00","0.00","2.34","0.00","0.00","2.34","--"
"Iraq","2008","0.00","0.00","2.34","0.00","0.00","2.34","--"
"Ireland","2014","50.40","8.70","0.00","18.70","0.00","77.80","Yes"
"Ireland","2012","51.23","9.04","0.00","18.70","0.00","78.97","Yes"
"Ireland","2010","42.91","18.25","0.00","17.36","0.00","78.52","--"
"Ireland","2008","43.55","18.28","0.00","17.70","0.00","79.53","--"
"Israel","2014","26.60","42.40","0.00","15.30","0.00","84.30","Yes"
"Israel","2012","23.87","45.49","0.00","13.79","0.00","83.15","Yes"
"Israel","2010","20.43","47.54","0.00","13.79","0.00","81.76","--"
"Israel","2008","5.00","53.68","0.00","13.42","0.00","72.10","--"
"Italy","2014","5.20","52.40","0.00","18.00","0.00","75.70","Yes"
"Italy","2012","3.56","54.26","0.00","17.36","0.00","75.18","Yes"
"Italy","2010","3.76","54.74","0.00","16.67","0.00","75.17","--"
"Italy","2008","3.76","54.74","0.00","16.67","0.00","75.17","--"
"Jamaica","2014","26.30","0.00","0.00","14.20","2.50","42.90","No"
"Jamaica","2012","31.82","0.00","0.00","14.16","0.08","46.06","No"
"Jamaica","2010","36.21","0.00","0.00","14.89","0.08","51.18","--"
"Jamaica","2008","29.63","0.00","0.00","14.16","0.09","43.88","--"
"Japan","2014","57.00","0.00","0.00","7.40","0.00","64.40","Yes"
"Japan","2012","59.73","0.00","0.00","4.76","0.00","64.49","Yes"
"Japan","2010","58.29","0.00","0.00","4.76","0.00","63.06","--"
"Japan","2008","58.29","0.00","0.00","4.76","0.00","63.06","--"
"Jordan","2014","69.50","0.00","0.00","13.80","0.00","83.30","Yes"
"Jordan","2012","29.09","33.64","0.00","13.79","0.00","76.52","No"
"Jordan","2010","33.68","32.11","0.00","13.79","0.00","79.58","--"
"Jordan","2008","35.29","25.76","0.00","13.79","2.35","77.20","--"
"Kazakhstan","2014","28.60","0.00","0.00","10.70","0.00","39.30","Yes"
"Kazakhstan","2012","19.23","0.00","0.00","10.71","0.00","29.95","Yes"
"Kazakhstan","2010","16.00","0.00","0.00","10.71","0.00","26.71","--"
"Kazakhstan","2008","8.89","0.00","0.00","10.71","0.00","19.60","--"
"Kenya","2014","0.00","35.00","0.00","13.80","0.00","48.80","No"
"Kenya","2012","0.00","35.00","0.00","13.79","0.00","48.79","No"
"Kenya","2010","50.00","0.00","0.00","13.79","0.00","63.79","--"
"Kenya","2008","62.50","0.00","0.00","13.79","0.00","76.29","--"
"Kiribati","2014","77.80","0.00","0.00","11.10","0.00","88.90","Yes"
"Kiribati","2012","0.00","0.00","52.08","0.00","0.00","52.08","No"
"Kiribati","2010","0.00","0.00","62.50","0.00","0.00","62.50","--"
"Kiribati","2008","0.00","0.00","50.00","0.00","0.00","50.00","--"
"Kuwait","2014","0.00","0.00","34.70","0.00","0.00","34.70","No"
"Kuwait","2012","0.00","0.00","28.83","0.00","0.00","28.83","No"
"Kuwait","2010","0.00","0.00","36.04","0.00","0.00","36.04","--"
"Kuwait","2008","0.00","0.00","36.04","0.00","0.00","36.04","--"
"Kyrgyzstan","2014","16.00","8.00","3.80","10.70","0.00","38.50","Yes"
"Kyrgyzstan","2012","8.33","7.50","5.09","10.71","0.00","31.64","Yes"
"Kyrgyzstan","2010","7.91","0.00","6.90","10.71","0.00","25.53","--"
"Kyrgyzstan","2008","15.45","0.00","5.91","16.67","0.00","38.03","--"
"Lao People's Democratic Republic","2014","6.30","1.40","0.00","9.10","0.50","17.30","No"
"Lao People's Democratic Republic","2012","8.33","1.91","0.00","9.09","0.64","19.97","Yes"
"Lao People's Democratic Republic","2010","2.00","2.29","0.00","9.09","0.76","14.15","--"
"Lao People's Democratic Republic","2008","0.00","2.29","0.00","9.09","0.76","12.15","--"
"Latvia","2014","34.50","25.00","0.00","17.40","0.00","76.90","Yes"
"Latvia","2012","27.78","34.00","0.00","17.36","0.00","79.14","Yes"
"Latvia","2010","29.61","34.50","0.00","17.36","0.00","81.47","--"
"Latvia","2008","24.05","32.20","0.00","15.25","0.00","71.51","--"
"Lebanon","2014","0.00","32.60","1.50","9.10","0.00","43.20","No"
"Lebanon","2012","0.00","32.81","1.52","9.09","0.00","43.42","No"
"Lebanon","2010","0.00","36.58","1.69","9.09","0.00","47.36","--"
"Lebanon","2008","0.00","33.38","1.55","9.09","0.00","44.01","--"
"Lesotho","2014","33.20","0.00","0.00","13.00","0.00","46.20","Yes"
"Lesotho","2012","32.25","0.00","0.00","13.04","0.00","45.29","Yes"
"Lesotho","2010","27.50","0.00","0.00","13.04","0.00","40.54","--"
"Lesotho","2008","25.28","0.00","0.00","13.04","0.00","38.32","--"
"Liberia","2014","0.00","10.90","1.50","6.50","0.20","19.00","No"
"Liberia","2012","0.00","11.79","1.60","6.54","0.16","20.10","Yes"
"Liberia","2010","0.00","10.66","2.03","6.54","0.20","19.43","--"
"Liberia","2008","0.00","3.70","1.60","6.54","0.16","12.00","--"
"Libya","2014","0.00","0.00","0.00","1.00","7.30","8.40","No"
"Libya","2012","0.00","0.00","0.00","1.04","14.67","15.71","No"
"Libya","2010","0.00","0.00","0.00","1.04","22.00","23.04","--"
"Libya","2008","0.00","0.00","0.00","2.01","22.00","24.01","--"
"Lithuania","2014","33.40","25.00","0.00","17.40","0.00","75.80","Yes"
"Lithuania","2012","32.94","25.00","0.00","17.36","0.00","75.30","Yes"
"Lithuania","2010","34.74","25.00","0.00","17.36","0.00","77.10","--"
"Lithuania","2008","31.60","20.00","0.00","15.97","0.00","67.57","--"
"Luxembourg","2014","7.10","48.10","0.00","15.00","0.00","70.20","Yes"
"Luxembourg","2012","7.50","48.09","0.00","15.00","0.00","70.59","Yes"
"Luxembourg","2010","9.18","47.84","0.00","13.04","0.00","70.06","--"
"Luxembourg","2008","9.62","47.44","0.00","13.04","0.00","70.10","--"
"Madagascar","2014","0.00","63.80","0.00","16.70","0.00","80.50","Yes"
"Madagascar","2012","0.00","59.65","0.00","16.67","0.00","76.31","No"
"Madagascar","2010","0.00","59.65","0.00","16.67","0.00","76.31","--"
"Madagascar","2008","0.00","50.21","0.00","16.67","0.00","66.88","--"
"Malawi","2014","14.50","0.00","2.10","4.10","0.00","20.70","Yes"
"Malawi","2012","20.02","0.00","1.25","4.34","0.00","25.61","No"
"Malawi","2010",". . .",". . .",". . .",". . .",". . .",". . .","--"
"Malawi","2008","37.33","0.00","3.14","8.75","0.00","49.23","--"
"Malaysia","2014","41.70","8.90","0.00","4.80","0.00","55.40","Yes"
"Malaysia","2012","44.00","8.54","0.00","4.76","0.00","57.30","Yes"
"Malaysia","2010","38.00","9.54","0.00","4.76","0.00","52.30","--"
"Malaysia","2008","40.00","9.21","0.00","4.76","0.00","53.97","--"
"Maldives","2014","0.00","0.00","65.80","0.00","0.00","65.80","Yes"
"Maldives","2012","0.00","0.00","48.65","0.00","0.00","48.65","No"
"Maldives","2010","0.00","0.00","31.58","0.00","0.00","31.58","--"
"Maldives","2008","0.00","0.00","30.00","0.00","0.00","30.00","--"
"Mali","2014","0.00","6.70","5.10","6.80","0.60","19.20","No"
"Mali","2012","0.00","10.08","7.44","10.02","0.93","28.47","No"
"Mali","2010","0.00","7.14","5.32","7.39","2.00","21.85","--"
"Mali","2008","0.00","5.58","4.22","5.85","1.58","17.24","--"
"Malta","2014","34.40","25.00","0.00","15.30","0.00","74.60","Yes"
"Malta","2012","36.67","25.00","0.00","15.25","0.00","76.92","Yes"
"Malta","2010","11.00","50.00","0.00","15.25","0.00","76.25","--"
"Malta","2008","12.24","48.70","0.00","15.25","0.00","76.19","--"
"Marshall Islands","2014","0.00","0.00","46.70","11.90","0.00","58.70","No"
"Marshall Islands","2012","0.00","0.00","28.57","7.29","0.00","35.87","No"
"Marshall Islands","2010","0.00","0.00","36.36","9.28","0.00","45.65","--"
"Marshall Islands","2008","0.00","0.00","40.00","10.21","0.00","50.21","--"
"Mauritania","2014","0.00","8.30","3.60","12.30","0.60","24.70","Yes"
"Mauritania","2012","0.00","0.00","1.80","12.28","0.00","14.08","No"
"Mauritania","2010","0.00","0.00","4.77","12.28","0.00","17.05","--"
"Mauritania","2008","0.00","0.00","5.98","12.28","0.00","18.27","--"
"Mauritius","2014","59.50","0.00","0.00","13.00","0.00","72.50","Yes"
"Mauritius","2012","60.19","0.00","0.00","13.04","0.00","73.23","Yes"
"Mauritius","2010","58.67","0.00","0.00","13.04","0.00","71.71","--"
"Mauritius","2008","67.69","0.00","0.00","13.04","0.00","80.74","--"
"Mexico","2014","15.60","36.50","0.00","13.80","0.00","65.90","No"
"Mexico","2012","17.50","35.33","0.00","13.79","0.00","66.62","Yes"
"Mexico","2010","2.67","46.24","0.00","13.79","0.00","62.70","--"
"Mexico","2008","0.00","48.13","0.00","13.04","0.00","61.17","--"
"Micronesia (Federated States of)","2014","0.00","0.00","37.70","25.00","0.00","62.70","No"
"Micronesia (Federated States of)","2012","0.00","0.00","40.00","25.00","0.00","65.00","No"
"Micronesia (Federated States of)","2010","0.00","0.00","46.67","25.00","0.00","71.67","--"
"Micronesia (Federated States of)","2008","0.00","0.00","46.67","25.00","0.00","71.67","--"
"Monaco","2014",". . .",". . .",". . .",". . .",". . .",". . .","No"
"Monaco","2012",". . .",". . .",". . .",". . .",". . .","0.00","No"
"Monaco","2010",". . .",". . .",". . .",". . .",". . .",". . .","--"
"Monaco","2008",". . .",". . .",". . .",". . .",". . .",". . .","--"
"Mongolia","2014","33.30","0.00","0.00","9.10","0.00","42.40","Yes"
"Mongolia","2012","40.27","0.00","0.00","9.09","0.00","49.36","Yes"
"Mongolia","2010","40.60","0.00","0.00","9.09","0.00","49.70","--"
"Mongolia","2008","30.42","0.00","0.00","9.09","0.00","39.51","--"
"Montenegro","2014","26.90","35.00","0.00","16.00","0.00","77.90","Yes"
"Montenegro","2012","30.00","36.00","0.00","14.53","0.00","80.53","Yes"
"Montenegro","2010","15.38","35.00","0.00","14.53","0.00","64.91","--"
"Montenegro","2008","4.00","26.00","0.00","14.53","0.00","44.53","--"
"Morocco","2014","34.60","20.60","0.00","15.30","0.00","70.50","Yes"
"Morocco","2012","0.57","51.40","0.00","15.74","0.00","67.71","Yes"
"Morocco","2010","0.57","50.05","0.00","15.74","0.00","66.36","--"
"Morocco","2008","0.57","50.05","0.00","15.74","0.00","66.36","--"
"Mozambique","2014","16.30","0.00","0.00","14.50","0.00","30.90","Yes"
"Mozambique","2012","9.60","0.00","0.00","14.53","0.00","24.13","No"
"Mozambique","2010","12.00","0.00","0.00","14.53","0.00","26.53","--"
"Mozambique","2008","0.00","33.67","0.00","14.53","0.00","48.20","--"
"Myanmar","2014","0.00","50.00","0.00","0.00","0.00","50.00","No"
"Myanmar","2012","0.00","50.00","0.00","0.00","0.00","50.00","Yes"
"Myanmar","2010","0.00","25.00","0.00","0.00","0.00","25.00","--"
"Myanmar","2008","0.00","25.00","0.00","0.00","0.00","25.00","--"
"Namibia","2014","29.00","0.00","0.00","3.80","0.00","32.80","Yes"
"Namibia","2012","34.99","0.00","0.00","3.62","0.00","38.61","Yes"
"Namibia","2010","33.17","0.00","0.00","1.06","0.00","34.23","--"
"Namibia","2008","29.65","0.00","0.00","1.15","0.00","30.81","--"
"Nauru","2014",". . .",". . .",". . .",". . .",". . .",". . .","No"
"Nauru","2012",". . .",". . .",". . .",". . .",". . .","0.00","No"
"Nauru","2010","0.00","0.00","42.34","0.00","0.00","42.34","--"
"Nauru","2008","0.00","0.00","41.36","0.00","0.00","41.36","--"
"Nepal","2014","16.30","0.00","0.00","11.50","0.00","27.80","Yes"
"Nepal","2012","18.36","0.00","0.00","11.50","0.00","29.86","Yes"
"Nepal","2010","17.18","0.00","0.00","11.50","0.00","28.68","--"
"Nepal","2008","12.77","0.00","0.00","11.50","0.00","24.27","--"
"Netherlands","2014","55.10","1.00","0.00","17.40","0.00","73.40","Yes"
"Netherlands","2012","48.64","7.57","0.00","15.97","0.00","72.18","Yes"
"Netherlands","2010","36.48","20.52","0.00","15.97","0.00","72.97","--"
"Netherlands","2008","36.83","20.87","0.00","15.97","0.00","73.67","--"
"New Zealand","2014","64.20","0.00","0.10","13.00","0.00","77.30","Yes"
"New Zealand","2012","60.98","0.00","0.16","13.04","0.00","74.18","Yes"
"New Zealand","2010","69.17","0.00","0.00","11.11","0.00","80.29","--"
"New Zealand","2008","58.92","0.00","0.00","11.11","0.00","70.04","--"
"Nicaragua","2014","19.20","0.00","0.00","13.00","0.00","32.30","Yes"
"Nicaragua","2012","16.07","0.00","0.00","13.04","0.00","29.11","No"
"Nicaragua","2010","16.10","0.00","0.00","13.04","0.00","29.14","--"
"Nicaragua","2008","0.00","6.74","0.00","13.04","0.00","19.79","--"
"Niger","2014","0.00","11.10","0.00","16.00","0.80","27.90","No"
"Niger","2012","0.00","13.92","0.00","15.97","1.03","30.92","No"
"Niger","2010","0.00","12.71","0.00","15.97","0.94","29.62","--"
"Niger","2008","0.00","10.83","0.00","15.97","0.81","27.61","--"
"Nigeria","2014","0.00","15.90","0.00","4.80","0.00","20.60","No"
"Nigeria","2012","0.00","15.87","0.00","4.76","0.00","20.63","No"
"Nigeria","2010","0.00","15.87","0.00","4.76","0.00","20.63","--"
"Nigeria","2008","0.00","15.87","0.00","4.76","0.00","20.63","--"
"Niue","2014","0.00","0.00","50.40","11.10","8.30","69.80","No"
"Niue","2012","0.00","0.00","47.08","11.11","8.34","66.53","No"
"Niue","2010","0.00","0.00","41.69","11.11","10.01","62.81","--"
"Niue","2008","0.00","0.00","52.11","11.11","12.51","75.73","--"
"Norway","2014","48.80","0.00","0.00","20.00","0.00","68.80","Yes"
"Norway","2012","52.80","0.00","0.00","20.00","0.00","72.80","Yes"
"Norway","2010","52.35","0.00","0.00","20.00","0.00","72.35","--"
"Norway","2008","52.68","0.00","0.00","20.00","0.00","72.68","--"
"Oman","2014","0.00","0.00","22.20","0.00","0.00","22.20","No"
"Oman","2012","0.00","0.00","22.22","0.00","0.00","22.22","No"
"Oman","2010","0.00","0.00","30.77","0.00","0.00","30.77","--"
"Oman","2008","0.00","0.00","33.33","0.00","0.00","33.33","--"
"Pakistan","2014","46.20","0.00","0.00","14.50","0.00","60.70","Yes"
"Pakistan","2012","42.55","3.67","0.00","13.79","0.00","60.00","Yes"
"Pakistan","2010","37.94","2.53","0.00","14.53","0.00","55.01","--"
"Pakistan","2008","34.89","3.80","0.00","13.79","0.00","52.49","--"
"Palau","2014","66.70","0.00","0.00","0.00","0.00","66.70","Yes"
"Palau","2012","0.00","0.00","57.14","0.00","0.00","57.14","No"
"Palau","2010","0.00","0.00","57.14","0.00","0.00","57.14","--"
"Palau","2008","0.00","0.00","57.14","0.00","0.00","57.14","--"
"Panama","2014","0.00","43.50","0.00","13.00","0.00","56.50","No"
"Panama","2012","0.00","43.48","0.00","13.04","0.00","56.52","No"
"Panama","2010","46.15","0.00","0.00","13.04","0.00","59.20","--"
"Panama","2008","0.00","21.33","2.22","13.04","0.00","36.59","--"
"Papua New Guinea","2014","26.40","0.00","0.00","9.10","0.00","35.50","No"
"Papua New Guinea","2012","28.26","0.00","0.00","9.09","0.00","37.35","No"
"Papua New Guinea","2010",". . .",". . .",". . .",". . .",". . .",". . .","--"
"Papua New Guinea","2008","32.86","0.00","0.00","9.09","0.00","41.95","--"
"Paraguay","2014","0.00","6.90","0.00","9.10","0.00","16.00","No"
"Paraguay","2012","0.00","6.91","0.00","9.09","0.00","16.00","Yes"
"Paraguay","2010","0.00","6.42","0.00","9.09","0.00","15.51","--"
"Paraguay","2008","0.00","6.42","0.00","9.09","0.00","15.52","--"
"Peru","2014","22.60","0.00","0.00","15.30","0.00","37.80","No"
"Peru","2012","26.92","0.00","0.00","15.25","0.00","42.18","No"
"Peru","2010","31.11","0.00","0.00","15.97","0.00","47.08","--"
"Peru","2008","0.00","25.21","0.00","15.97","0.00","41.18","--"
"Philippines","2014","63.60","0.00","0.00","10.70","0.00","74.30","Yes"
"Philippines","2012","18.13","0.00","0.00","10.71","0.00","28.85","Yes"
"Philippines","2010","17.71","0.00","0.00","10.71","0.00","28.42","--"
"Philippines","2008","18.23","0.00","0.00","10.71","0.00","28.95","--"
"Poland","2014","30.20","31.40","0.00","18.70","0.00","80.30","Yes"
"Poland","2012","29.48","31.41","0.00","18.70","0.00","79.59","Yes"
"Poland","2010","36.94","31.41","0.00","18.03","0.00","86.38","--"
"Poland","2008","34.49","41.32","0.00","18.03","0.00","93.84","--"
"Portugal","2014","38.80","17.00","0.00","18.70","0.00","74.50","Yes"
"Portugal","2012","37.32","20.00","0.00","18.70","0.00","76.02","Yes"
"Portugal","2010","38.62","23.00","0.00","17.36","0.00","78.98","--"
"Portugal","2008","39.24","23.00","0.00","17.36","0.00","79.60","--"
"Qatar","2014","0.00","0.00","20.00","0.00","0.00","20.00","No"
"Qatar","2012","0.00","0.00","22.22","0.00","0.00","22.22","No"
"Qatar","2010","0.00","0.00","33.33","0.00","0.00","33.33","--"
"Qatar","2008","0.00","0.00","33.33","0.00","0.00","33.33","--"
"Republic of Korea","2014","52.90","0.00","0.00","9.10","0.00","62.00","No"
"Republic of Korea","2012","52.90","0.00","0.00","9.09","0.00","61.99","No"
"Republic of Korea","2010","52.90","0.00","0.00","9.09","0.00","61.99","--"
"Republic of Korea","2008","52.90","0.00","0.00","9.09","0.00","61.99","--"
"Republic of Moldova","2014","10.00","24.00","0.00","16.70","0.00","50.70","Yes"
"Republic of Moldova","2012","3.08","24.00","0.00","16.67","0.00","43.74","Yes"
"Republic of Moldova","2010","1.47","12.00","0.00","16.67","0.00","30.13","--"
"Republic of Moldova","2008","2.00","3.00","0.00","16.67","0.00","21.67","--"
"Romania","2014","37.10","19.00","0.00","19.40","0.00","75.40","Yes"
"Romania","2012","33.88","20.00","0.00","19.37","0.00","73.25","Yes"
"Romania","2010","41.83","22.00","0.00","19.35","0.00","83.18","--"
"Romania","2008","31.40","25.00","0.00","15.97","0.00","72.37","--"
"Russian Federation","2014","23.90","8.50","0.00","15.30","0.00","47.60","Yes"
"Russian Federation","2012","17.73","7.50","0.00","15.25","0.00","40.48","Yes"
"Russian Federation","2010","13.23","6.50","0.00","15.25","0.00","34.98","--"
"Russian Federation","2008","9.60","5.50","0.00","15.25","0.00","30.35","--"
"Rwanda","2014","0.00","17.40","0.00","5.20","0.00","22.60","No"
"Rwanda","2012","0.00","18.87","0.00","5.66","0.00","24.53","No"
"Rwanda","2010","0.00","22.64","0.00","6.79","0.00","29.44","--"
"Rwanda","2008","0.00","18.12","0.00","5.98","0.00","24.09","--"
"Saint Kitts and Nevis","2014","0.00","4.00","0.00","14.50","1.20","19.80","No"
"Saint Kitts and Nevis","2012","0.00","4.18","0.00","14.53","1.25","19.96","Yes"
"Saint Kitts and Nevis","2010","0.00","5.01","0.00","7.10","1.89","14.00","--"
"Saint Kitts and Nevis","2008","0.00","6.52","0.00","9.23","2.46","18.20","--"
"Saint Lucia","2014","48.60","0.00","0.00","13.00","1.30","62.90","Yes"
"Saint Lucia","2012","28.71","0.00","0.00","0.00","1.20","29.91","No"
"Saint Lucia","2010","0.00","24.92","0.00","0.00","1.62","26.54","--"
"Saint Lucia","2008","0.00","28.25","0.00","0.00","1.84","30.08","--"
"Saint Vincent and the Grenadines","2014","2.20","0.00","0.00","13.00","1.50","16.80","No"
"Saint Vincent and the Grenadines","2012","1.83","0.00","0.00","13.04","1.08","15.96","Yes"
"Saint Vincent and the Grenadines","2010","1.67","0.00","0.00","13.04","1.28","15.99","--"
"Saint Vincent and the Grenadines","2008","1.67","0.00","0.00","13.04","1.44","16.15","--"
"Samoa","2014","42.30","0.00","0.00","13.00","0.00","55.40","No"
"Samoa","2012","46.74","0.00","0.00","13.04","0.00","59.79","Yes"
"Samoa","2010","48.25","0.00","0.00","13.04","0.00","61.29","--"
"Samoa","2008","49.49","0.00","0.00","13.04","0.00","62.53","--"
"San Marino","2014","0.00","74.20","0.00","0.00","0.00","74.20","No"
"San Marino","2012","0.00","74.17","0.00","0.00","0.00","74.17","No"
"San Marino","2010","0.00","74.17","0.00","0.00","0.00","74.17","--"
"San Marino","2008",". . .",". . .",". . .",". . .",". . .",". . .","--"
"Sao Tome and Principe","2014","0.00","18.30","6.70","0.00","0.00","25.00","No"
"Sao Tome and Principe","2012","0.00","18.33","6.67","0.00","0.00","25.00","No"
"Sao Tome and Principe","2010","0.00","18.33","6.67","0.00","0.00","25.00","--"
"Sao Tome and Principe","2008","0.00","18.33","6.67","0.00","0.00","25.00","--"
"Saudi Arabia","2014","0.00","0.00","20.00","0.00","0.00","20.00","No"
"Saudi Arabia","2012","0.00","0.00","22.22","0.00","0.00","22.22","No"
"Saudi Arabia","2010","0.00","0.00","28.57","0.00","0.00","28.57","--"
"Saudi Arabia","2008","0.00","0.00","33.33","0.00","0.00","33.33","--"
"Senegal","2014","0.00","25.00","0.00","15.30","0.00","40.30","Yes"
"Senegal","2012","0.00","15.00","0.00","15.25","0.00","30.25","No"
"Senegal","2010","0.00","15.00","0.00","15.25","0.00","30.25","--"
"Senegal","2008","0.00","11.69","0.00","15.25","0.00","26.94","--"
"Serbia","2014","28.30","33.00","0.00","16.70","0.00","77.90","Yes"
"Serbia","2012","31.51","34.00","0.00","15.25","0.00","80.76","Yes"
"Serbia","2010","24.85","35.00","0.00","15.25","0.00","75.11","--"
"Serbia","2008","13.80","33.00","0.00","15.25","0.00","62.05","--"
"Seychelles","2014","66.70","0.00","0.00","13.00","0.00","79.70","Yes"
"Seychelles","2012","66.67","0.00","0.00","0.00","0.00","66.67","Yes"
"Seychelles","2010","67.57","0.00","0.00","0.00","0.00","67.57","--"
"Seychelles","2008","75.76","0.00","0.00","0.00","0.00","75.76","--"
"Sierra Leone","2014","0.00","6.80","0.00","13.00","0.10","19.90","Yes"
"Sierra Leone","2012","0.00","0.00","0.00","13.04","0.32","13.37","No"
"Sierra Leone","2010","0.00","0.00","0.00","13.04","0.44","13.48","--"
"Sierra Leone","2008","0.00","0.00","0.00","13.04","0.28","13.32","--"
"Singapore","2014","59.70","0.00","0.00","6.50","0.00","66.20","Yes"
"Singapore","2012","59.16","0.00","0.00","6.54","0.00","65.70","No"
"Singapore","2010","60.69","0.00","0.00","6.54","0.00","67.23","--"
"Singapore","2008","60.69","0.00","0.00","6.54","0.00","67.23","--"
"Slovakia","2014","41.90","23.00","0.00","16.70","0.00","81.50","Yes"
"Slovakia","2012","42.38","23.00","0.00","16.81","0.00","82.19","Yes"
"Slovakia","2010","43.32","24.00","0.00","15.97","0.00","83.29","--"
"Slovakia","2008","44.65","24.00","0.00","15.97","0.00","84.61","--"
"Slovenia","2014","39.40","23.00","0.00","18.00","0.00","80.40","Yes"
"Slovenia","2012","23.55","39.06","0.00","16.67","0.00","79.28","Yes"
"Slovenia","2010","15.17","44.03","0.00","16.67","0.00","75.87","--"
"Slovenia","2008","15.00","43.21","0.00","16.67","0.00","74.88","--"
"Solomon Islands","2014","19.20","0.00","0.00","10.00","0.00","29.20","Yes"
"Solomon Islands","2012","20.00","0.00","0.00","10.00","0.00","30.00","No"
"Solomon Islands","2010",". . .",". . .",". . .",". . .",". . .",". . .","--"
"Solomon Islands","2008",". . .",". . .",". . .",". . .",". . .",". . .","--"
"Somalia","2014",". . .",". . .",". . .",". . .",". . .",". . .","No"
"Somalia","2012","0.00","0.00","7.48","0.00","0.00","7.48","No"
"Somalia","2010","0.00","0.00","10.00","0.00","0.00","10.00","--"
"Somalia","2008","0.00","0.00","10.00","0.00","0.00","10.00","--"
"South Africa","2014","36.50","0.00","0.00","12.30","0.00","48.80","Yes"
"South Africa","2012","33.40","0.00","0.00","12.28","0.00","45.68","Yes"
"South Africa","2010","40.65","0.00","0.00","12.28","0.00","52.94","--"
"South Africa","2008","32.44","0.00","0.00","12.28","0.00","44.72","--"
"South Sudan","2014",". . .",". . .",". . .",". . .",". . .",". . .","No"
"South Sudan","2012",". . .",". . .",". . .",". . .",". . .","0.00","No"
"South Sudan","2010","--","--","--","--","--","--","--"
"South Sudan","2008","--","--","--","--","--","--","--"
"Spain","2014","9.70","51.00","0.00","17.40","0.00","78.10","Yes"
"Spain","2012","8.44","55.00","0.00","15.25","0.00","78.69","Yes"
"Spain","2010","6.00","57.00","0.00","15.25","0.00","78.25","--"
"Spain","2008","6.56","57.00","0.00","13.79","0.00","77.35","--"
"Sri Lanka","2014","59.20","3.90","0.00","10.70","0.00","73.80","Yes"
"Sri Lanka","2012","59.85","3.91","0.00","10.71","0.00","74.48","Yes"
"Sri Lanka","2010","59.21","3.91","0.00","10.71","0.00","73.84","--"
"Sri Lanka","2008","58.63","0.00","0.00","13.04","0.00","71.67","--"
"Sudan","2014","0.00","57.90","0.00","14.50","0.00","72.40","No"
"Sudan","2012","0.00","57.90","0.00","14.53","0.00","72.43","No"
"Sudan","2010","0.00","58.91","0.00","13.04","0.00","71.95","--"
"Sudan","2008","0.00","58.91","0.00","13.04","0.00","71.95","--"
"Suriname","2014","48.40","0.00","0.00","7.00","0.40","55.80","No"
"Suriname","2012","51.40","0.00","0.00","9.09","0.44","60.94","Yes"
"Suriname","2010","40.83","0.00","0.00","9.09","0.47","50.39","--"
"Suriname","2008","48.40","0.00","0.00","9.09","0.36","57.85","--"
"Sweden","2014","47.80","1.00","0.00","20.00","0.00","68.80","Yes"
"Sweden","2012","52.83","1.00","0.00","20.00","0.00","73.83","Yes"
"Sweden","2010","12.40","39.20","0.00","20.00","0.00","71.60","--"
"Sweden","2008","12.65","39.20","0.00","20.00","0.00","71.85","--"
"Switzerland","2014","28.80","25.00","0.00","7.40","0.00","61.20","Yes"
"Switzerland","2012","29.76","25.00","0.00","7.41","0.00","62.16","Yes"
"Switzerland","2010","31.12","25.00","0.00","7.41","0.00","63.52","--"
"Switzerland","2008","30.79","25.00","0.00","7.41","0.00","63.20","--"
"Syrian Arab Republic","2014",". . .",". . .",". . .",". . .",". . .",". . .","No"
"Syrian Arab Republic","2012","0.00","58.00","0.00","0.00","0.00","58.00","Yes"
"Syrian Arab Republic","2010","0.00","33.00","0.00","0.00","0.00","33.00","--"
"Syrian Arab Republic","2008","0.00","33.00","0.00","0.00","0.00","33.00","--"
"Tajikistan","2014","2.70","0.00","8.00","15.30","0.00","25.90","Yes"
"Tajikistan","2012","3.43","0.00","12.10","15.25","0.00","30.78","Yes"
"Tajikistan","2010","3.24","0.00","11.42","15.25","0.00","29.91","--"
"Tajikistan","2008",". . .",". . .",". . .",". . .",". . .",". . .","--"
"Thailand","2014","2.90","63.70","0.00","6.50","0.00","73.10","Yes"
"Thailand","2012","3.21","60.47","0.00","6.54","0.00","70.22","No"
"Thailand","2010","1.72","60.47","0.00","6.54","0.00","68.74","--"
"Thailand","2008","2.22","55.02","0.00","6.54","0.00","63.78","--"
"Republic of North Macedonia","2014","48.30","9.00","0.00","15.30","0.00","72.60","Yes"
"Republic of North Macedonia","2012","20.96","35.00","0.00","15.25","0.00","71.22","No"
"Republic of North Macedonia","2010","21.80","35.00","0.00","15.25","0.00","72.05","--"
"Republic of North Macedonia","2008","21.80","35.00","0.00","15.25","0.00","72.05","--"
"Timor-Leste","2014","30.40","0.00","0.70","2.40","0.00","33.50","No"
"Timor-Leste","2012","30.40","0.00","0.67","2.44","0.00","33.51","No"
"Timor-Leste","2010",". . .",". . .",". . .",". . .",". . .",". . .","--"
"Timor-Leste","2008",". . .",". . .",". . .",". . .",". . .",". . .","--"
"Togo","2014","0.00","8.30","0.00","4.80","0.40","13.40","Yes"
"Togo","2012","0.00","6.83","0.00","4.30","0.33","11.46","Yes"
"Togo","2010","0.00","6.29","0.00","4.37","0.35","11.01","--"
"Togo","2008","0.00","4.88","0.00","4.39","0.38","9.65","--"
"Tonga","2014","58.80","0.00","0.00","13.00","0.00","71.90","Yes"
"Tonga","2012","50.00","0.00","0.00","13.04","0.00","63.04","No"
"Tonga","2010","54.79","0.00","0.00","13.04","0.00","67.84","--"
"Tonga","2008","41.10","0.00","0.00","13.04","0.00","54.14","--"
"Trinidad and Tobago","2014","16.60","0.00","0.00","13.00","0.00","29.60","No"
"Trinidad and Tobago","2012","19.54","0.00","0.00","13.04","0.00","32.58","Yes"
"Trinidad and Tobago","2010","20.69","0.00","0.00","13.04","0.00","33.73","--"
"Trinidad and Tobago","2008","23.64","0.00","0.00","13.04","0.00","36.69","--"
"Tunisia","2014","40.20","26.20","0.00","8.20","0.00","74.60","No"
"Tunisia","2012","45.56","24.56","0.00","7.69","0.00","77.81","No"
"Tunisia","2010","49.21","22.78","0.00","7.14","0.00","79.13","--"
"Tunisia","2008","44.41","25.12","0.00","7.87","0.00","77.40","--"
"Turkey","2014","1.60","65.30","0.00","15.30","0.00","82.10","Yes"
"Turkey","2012","0.00","65.00","0.00","15.25","0.00","80.25","Yes"
"Turkey","2010","0.00","63.00","0.00","15.25","0.00","78.25","--"
"Turkey","2008","0.00","58.00","0.00","15.25","0.00","73.25","--"
"Turkmenistan","2014","0.00","12.20","0.80","13.00","0.00","26.10","No"
"Turkmenistan","2012","0.00","15.83","1.08","13.04","0.00","29.95","No"
"Turkmenistan","2010","0.00","41.91","2.60","13.04","0.00","57.55","--"
"Turkmenistan","2008","0.00","23.64","1.47","13.04","0.00","38.15","--"
"Tuvalu","2014","0.00","2.30","0.30","0.10","0.00","2.70","No"
"Tuvalu","2012","0.00","9.67","1.31","3.85","0.00","14.82","No"
"Tuvalu","2010","0.00","11.32","1.53","2.91","0.00","15.77","--"
"Tuvalu","2008",". . .",". . .",". . .",". . .",". . .",". . .","--"
"Uganda","2014","35.00","0.00","0.00","10.10","0.00","45.10","Yes"
"Uganda","2012","25.00","0.00","0.00","15.25","0.00","40.25","Yes"
"Uganda","2010","29.33","0.00","0.00","15.25","0.00","44.59","--"
"Uganda","2008","44.00","0.00","0.00","15.25","0.00","59.25","--"
"Ukraine","2014","48.10","10.00","0.00","16.70","0.00","74.80","Yes"
"Ukraine","2012","29.50","20.83","0.00","16.67","0.00","67.00","Yes"
"Ukraine","2010","32.73","20.83","0.00","16.67","0.00","70.23","--"
"Ukraine","2008","24.00","8.18","0.00","16.67","0.00","48.85","--"
"United Arab Emirates","2014","0.00","0.00","20.00","0.00","0.00","20.00","No"
"United Arab Emirates","2012","0.00","0.00","25.00","0.00","0.00","25.00","No"
"United Arab Emirates","2010","0.00","0.00","28.57","0.00","0.00","28.57","--"
"United Arab Emirates","2008","0.00","0.00","30.77","0.00","0.00","30.77","--"
"United Kingdom of Great Britain and Northern Ireland","2014","49.00","16.50","0.00","16.70","0.00","82.20","Yes"
"United Kingdom of Great Britain and Northern Ireland","2012","46.95","16.50","0.00","16.67","0.00","80.12","Yes"
"United Kingdom of Great Britain and Northern Ireland","2010","37.85","24.00","0.00","14.89","0.00","76.74","--"
"United Kingdom of Great Britain and Northern Ireland","2008","39.53","24.00","0.00","13.04","0.00","76.57","--"
"United Republic of Tanzania","2014","14.40","0.00","0.00","15.30","0.00","29.70","Yes"
"United Republic of Tanzania","2012","12.89","0.00","0.00","15.25","0.00","28.15","Yes"
"United Republic of Tanzania","2010","10.85","0.00","0.00","15.25","0.00","26.11","--"
"United Republic of Tanzania","2008","18.03","0.00","0.00","16.67","0.00","34.69","--"
"United States of America","2014","37.40","0.00","0.00","5.20","0.00","42.50","No"
"United States of America","2012","37.73","0.00","0.00","5.20","0.00","42.93","Yes"
"United States of America","2010","39.86","0.00","0.00","5.42","0.00","45.28","--"
"United States of America","2008","31.55","0.00","0.00","5.01","0.00","36.57","--"
"Uruguay","2014","48.70","0.00","0.00","18.00","0.00","66.80","Yes"
"Uruguay","2012","50.67","0.00","0.00","18.03","0.00","68.70","No"
"Uruguay","2010","54.29","0.00","0.00","18.03","0.00","72.32","--"
"Uruguay","2008","47.79","0.00","0.00","18.03","0.00","65.82","--"
"Uzbekistan","2014","15.90","0.00","0.00","16.70","0.00","32.50","Yes"
"Uzbekistan","2012","12.63","0.00","0.00","16.67","0.00","29.30","Yes"
"Uzbekistan","2010","13.02","0.00","0.00","16.67","0.00","29.68","--"
"Uzbekistan","2008","14.87","0.00","0.00","16.67","0.00","31.54","--"
"Vanuatu","2014","44.40","0.00","1.60","6.10","0.00","52.20","No"
"Vanuatu","2012","45.71","0.00","1.66","6.30","0.00","53.68","Yes"
"Vanuatu","2010","12.25","0.00","36.75","6.54","0.00","55.55","--"
"Vanuatu","2008","12.50","0.00","37.50","6.25","0.00","56.25","--"
"Venezuela (Bolivarian Republic of)","2014","0.00","67.60","0.00","3.50","0.00","71.00","No"
"Venezuela (Bolivarian Republic of)","2012","0.00","67.57","0.00","3.47","0.00","71.04","No"
"Venezuela (Bolivarian Republic of)","2010","0.00","67.57","0.00","3.47","0.00","71.04","--"
"Venezuela (Bolivarian Republic of)","2008","0.00","68.16","0.00","2.63","0.00","70.79","--"
"Viet Nam","2014","0.00","32.50","0.00","9.10","0.00","41.60","No"
"Viet Nam","2012","0.00","32.50","0.00","9.09","0.00","41.59","No"
"Viet Nam","2010","0.00","32.50","0.00","9.09","0.00","41.59","--"
"Viet Nam","2008","0.00","32.50","0.00","9.09","0.00","41.59","--"
"Yemen","2014","6.40","0.00","0.00","47.40","0.00","53.80","Yes"
"Yemen","2012","5.20","0.00","0.00","47.37","0.00","52.57","No"
"Yemen","2010","6.11","0.00","0.00","47.37","0.00","53.48","--"
"Yemen","2008","7.33","0.00","0.00","47.37","0.00","54.70","--"
"Zambia","2014","0.00","20.00","0.00","1.40","0.00","21.40","No"
"Zambia","2012","0.00","22.50","0.00","1.15","0.00","23.65","No"
"Zambia","2010","0.00","22.50","0.00","1.56","0.00","24.06","--"
"Zambia","2008","0.00","32.73","0.00","3.38","0.00","36.11","--"
"Zimbabwe","2014","23.10","24.00","0.00","13.00","0.00","60.10","Yes"
"Zimbabwe","2012","20.00","25.11","0.00","13.04","0.00","58.15","Yes"
"Zimbabwe","2010","0.00","38.65","0.00","13.04","0.00","51.69","--"
"Zimbabwe","2008","0.00","34.29","0.00","8.57","0.00","42.86","--"
