"Country","Year","Most sold brand of cigarettes - currency reported","Most sold brand of cigarettes - price in currency reported","Most sold brand of cigarettes - price in international dollars","Most sold brand of cigarettes - price in US$ at official exchange rates","Average -  cigarette currency","Average -  cigarette price in currency","Average -  cigarette price in international dollars","Average -  cigarette price in US$ at official exchange rates"
"Afghanistan","2014","AFN","20.00","0.59","0.35","Not available","Not available","Not available","Not available"
"Afghanistan","2012","AFN","15.00","0.50","0.29","Not available","Not available","Not available","Not available"
"Afghanistan","2010","AFN","10.00","0.38","0.22","Not applicable","Not applicable","Not applicable","Not applicable"
"Afghanistan","2008","AFN","8.50","0.31","0.17","Not applicable","Not applicable","Not applicable","Not applicable"
"Albania","2014","ALL","200.00","3.87","1.93","Not available","Not available","Not available","Not available"
"Albania","2012","ALL","170.00","3.22","1.52","Not available","Not available","Not available","Not available"
"Albania","2010","ALL","150.00","2.90","1.43","Not applicable","Not applicable","Not applicable","Not applicable"
"Albania","2008","ALL","130.00","2.62","1.48","Not applicable","Not applicable","Not applicable","Not applicable"
"Algeria","2014","DZD","85.00","1.43","1.08","DZD","124.24","2.09","1.58"
"Algeria","2012","DZD","85.00","1.52","1.04","DZD","103.03","1.84","1.26"
"Algeria","2010","DZD","85.00","1.79","1.14","Not applicable","Not applicable","Not applicable","Not applicable"
"Algeria","2008","DZD","70.00","1.48","0.98","Not applicable","Not applicable","Not applicable","Not applicable"
"Andorra","2014","EUR","3.50","Not available","4.68","Not available","Not available","Not available","Not available"
"Andorra","2012","EUR","3.10","Not available","3.83","Not available","Not available","Not available","Not available"
"Andorra","2010","EUR","2.40","Not available","3.13","Not applicable","Not applicable","Not applicable","Not applicable"
"Andorra","2008",". . .","Not available","Not available","Not available","Not applicable","Not applicable","Not applicable","Not applicable"
"Angola","2014","AOA","200.00","2.18","2.06","Not available","Not available","Not available","Not available"
"Angola","2012","AOA","150.00","1.64","1.57","Not available","Not available","Not available","Not available"
"Angola","2010",". . .","Not available","Not available","Not available","Not applicable","Not applicable","Not applicable","Not applicable"
"Angola","2008","AOA","50.00","0.83","0.67","Not applicable","Not applicable","Not applicable","Not applicable"
"Antigua and Barbuda","2014","XCD","8.00","3.99","2.96","Not available","Not available","Not available","Not available"
"Antigua and Barbuda","2012","XCD","6.50","3.10","2.41","Not available","Not available","Not available","Not available"
"Antigua and Barbuda","2010","XCD","6.50","3.12","2.41","Not applicable","Not applicable","Not applicable","Not applicable"
"Antigua and Barbuda","2008","XCD","6.50","3.20","2.41","Not applicable","Not applicable","Not applicable","Not applicable"
"Argentina","2014","ARS","14.50","3.42","1.77","ARS","14.73","3.47","1.80"
"Argentina","2012","ARS","8.00","2.74","1.75","ARS","8.15","2.79","1.78"
"Argentina","2010","ARS","5.38","2.29","1.37","Not applicable","Not applicable","Not applicable","Not applicable"
"Argentina","2008","ARS","3.80","2.11","1.11","Not applicable","Not applicable","Not applicable","Not applicable"
"Armenia","2014","AMD","600.00","2.74","1.48","AMD","381.48","1.74","0.94"
"Armenia","2012","AMD","600.00","2.69","1.47","AMD","376.31","1.69","0.92"
"Armenia","2010","AMD","550.00","2.71","1.49","Not applicable","Not applicable","Not applicable","Not applicable"
"Armenia","2008","AMD","500.00","2.63","1.63","Not applicable","Not applicable","Not applicable","Not applicable"
"Australia","2014","AUD","17.05","10.99","15.90","AUD","16.52","10.64","15.40"
"Australia","2012","AUD","13.63","8.67","14.35","AUD","12.95","8.24","13.63"
"Australia","2010","AUD","11.98","7.74","10.77","Not applicable","Not applicable","Not applicable","Not applicable"
"Australia","2008","AUD","9.60","6.45","6.65","Not applicable","Not applicable","Not applicable","Not applicable"
"Austria","2014","EUR","4.90","5.63","6.56","EUR","4.66","5.34","6.23"
"Austria","2012","EUR","4.50","5.20","5.56","EUR","4.30","4.97","5.30"
"Austria","2010","EUR","4.00","4.66","5.21","Not applicable","Not applicable","Not applicable","Not applicable"
"Austria","2008","EUR","3.60","4.23","5.01","Not applicable","Not applicable","Not applicable","Not applicable"
"Azerbaijan","2014","AZN","1.40","2.49","1.79","AZN","1.52","2.70","1.95"
"Azerbaijan","2012","AZN","1.10","2.00","1.39","AZN","0.96","1.75","1.22"
"Azerbaijan","2010","AZN","0.70","1.51","0.87","Not applicable","Not applicable","Not applicable","Not applicable"
"Azerbaijan","2008","AZN","0.70","1.43","0.87","Not applicable","Not applicable","Not applicable","Not applicable"
"Bahamas","2014","BSD","7.00","9.41","7.00","BSD","7.25","9.75","7.25"
"Bahamas","2012","BSD","5.00","6.54","5.00","Not available","Not available","Not available","Not available"
"Bahamas","2010","BSD","2.69","3.18","2.69","Not applicable","Not applicable","Not applicable","Not applicable"
"Bahamas","2008","BSD","2.69","3.35","2.69","Not applicable","Not applicable","Not applicable","Not applicable"
"Bahrain","2014","BHD","0.50","1.71","1.33","Not available","Not available","Not available","Not available"
"Bahrain","2012","BHD","1.00","3.08","2.63","Not available","Not available","Not available","Not available"
"Bahrain","2010","BHD","0.70","2.54","1.86","Not applicable","Not applicable","Not applicable","Not applicable"
"Bahrain","2008","BHD","0.60","1.98","1.60","Not applicable","Not applicable","Not applicable","Not applicable"
"Bangladesh","2014","BDT","70.00","1.93","0.90","BDT","55.81","1.54","0.72"
"Bangladesh","2012","BDT","50.00","1.53","0.61","BDT","45.36","1.38","0.56"
"Bangladesh","2010","BDT","33.00","1.16","0.48","Not applicable","Not applicable","Not applicable","Not applicable"
"Bangladesh","2008","BDT","25.90","1.01","0.38","Not applicable","Not applicable","Not applicable","Not applicable"
"Barbados","2014","BBD","13.85","11.30","6.93","Not available","Not available","Not available","Not available"
"Barbados","2012","BBD","11.29","7.96","5.65","Not available","Not available","Not available","Not available"
"Barbados","2010","BBD","11.00","8.57","5.50","Not applicable","Not applicable","Not applicable","Not applicable"
"Barbados","2008","BBD","11.00","8.89","5.50","Not applicable","Not applicable","Not applicable","Not applicable"
"Belarus","2014","BYR","14500.00","2.80","1.41","BYR","9127.96","1.77","0.89"
"Belarus","2012","BYR","8000.00","2.36","0.97","BYR","6064.80","1.79","0.74"
"Belarus","2010","BYR","2490.00","2.06","0.84","Not applicable","Not applicable","Not applicable","Not applicable"
"Belarus","2008","BYR","1900.00","1.75","0.86","Not applicable","Not applicable","Not applicable","Not applicable"
"Belgium","2014","EUR","5.79","6.44","7.75","EUR","5.47","6.08","7.31"
"Belgium","2012","EUR","5.26","5.83","6.49","EUR","4.77","5.29","5.89"
"Belgium","2010","EUR","4.84","5.39","6.31","Not applicable","Not applicable","Not applicable","Not applicable"
"Belgium","2008","EUR","4.16","4.71","5.79","Not applicable","Not applicable","Not applicable","Not applicable"
"Belize","2014","BZD","5.00","4.78","2.50","BZD","7.06","6.75","3.53"
"Belize","2012","BZD","5.00","4.69","2.50","Not available","Not available","Not available","Not available"
"Belize","2010","BZD","5.00","4.63","2.50","Not applicable","Not applicable","Not applicable","Not applicable"
"Belize","2008","BZD","5.00","4.69","2.50","Not applicable","Not applicable","Not applicable","Not applicable"
"Benin","2014","XOF","500.00","2.04","1.02","Not available","Not available","Not available","Not available"
"Benin","2012","XOF","500.00","2.05","0.94","Not available","Not available","Not available","Not available"
"Benin","2010","XOF","500.00","2.13","0.99","Not applicable","Not applicable","Not applicable","Not applicable"
"Benin","2008","XOF","500.00","2.18","1.06","Not applicable","Not applicable","Not applicable","Not applicable"
"Bhutan","2014","--","Not applicable","Not applicable","Not applicable","Not applicable","Not available","Not available","Not available"
"Bhutan","2012","--","Not applicable","Not applicable","Not applicable","Not applicable","Not available","Not available","Not available"
"Bhutan","2010","--","Not applicable","Not applicable","Not applicable","Not applicable","Not applicable","Not applicable","Not applicable"
"Bhutan","2008","--","Not applicable","Not applicable","Not applicable","Not applicable","Not applicable","Not applicable","Not applicable"
"Bolivia (Plurinational State of)","2014","BOB","10.00","2.74","1.45","BOB","10.29","2.82","1.49"
"Bolivia (Plurinational State of)","2012","BOB","8.00","2.34","1.16","BOB","9.90","2.89","1.43"
"Bolivia (Plurinational State of)","2010","BOB","6.00","2.15","0.85","Not applicable","Not applicable","Not applicable","Not applicable"
"Bolivia (Plurinational State of)","2008","BOB","5.50","1.99","0.78","Not applicable","Not applicable","Not applicable","Not applicable"
"Bosnia and Herzegovina","2014","BAM","3.70","4.50","2.53","BAM","3.17","3.86","2.17"
"Bosnia and Herzegovina","2012","BAM","2.80","3.46","1.76","BAM","2.58","3.19","1.62"
"Bosnia and Herzegovina","2010","BAM","2.30","2.87","1.53","Not applicable","Not applicable","Not applicable","Not applicable"
"Bosnia and Herzegovina","2008","BAM","2.00","2.47","1.42","Not applicable","Not applicable","Not applicable","Not applicable"
"Botswana","2014","BWP","27.33","7.10","3.08","Not available","Not available","Not available","Not available"
"Botswana","2012","BWP","25.00","5.80","3.25","Not available","Not available","Not available","Not available"
"Botswana","2010","BWP","18.00","5.52","2.63","Not applicable","Not applicable","Not applicable","Not applicable"
"Botswana","2008","BWP","17.50","5.11","2.33","Not applicable","Not applicable","Not applicable","Not applicable"
"Brazil","2014","BRL","5.75","2.75","2.54","BRL","5.94","2.85","2.62"
"Brazil","2012","BRL","4.25","2.26","2.07","BRL","4.38","2.33","2.14"
"Brazil","2010","BRL","3.25","1.96","1.84","Not applicable","Not applicable","Not applicable","Not applicable"
"Brazil","2008","BRL","2.40","1.59","1.03","Not applicable","Not applicable","Not applicable","Not applicable"
"Brunei Darussalam","2014","BND","8.10","8.79","6.52","Not available","Not available","Not available","Not available"
"Brunei Darussalam","2012","BND","7.40","7.48","5.92","Not available","Not available","Not available","Not available"
"Brunei Darussalam","2010","BND","2.24","2.71","1.64","Not applicable","Not applicable","Not applicable","Not applicable"
"Brunei Darussalam","2008","BND","2.24","2.15","1.56","Not applicable","Not applicable","Not applicable","Not applicable"
"Bulgaria","2014","BGN","4.70","6.44","3.21","BGN","4.56","6.25","3.12"
"Bulgaria","2012","BGN","4.60","6.13","2.89","BGN","4.32","5.76","2.72"
"Bulgaria","2010","BGN","4.12","5.58","2.74","Not applicable","Not applicable","Not applicable","Not applicable"
"Bulgaria","2008","BGN","2.90","4.08","2.09","Not applicable","Not applicable","Not applicable","Not applicable"
"Burkina Faso","2014","XOF","500.00","2.21","1.02","Not available","Not available","Not available","Not available"
"Burkina Faso","2012","XOF","500.00","2.30","0.94","Not available","Not available","Not available","Not available"
"Burkina Faso","2010","XOF","500.00","2.33","0.99","Not applicable","Not applicable","Not applicable","Not applicable"
"Burkina Faso","2008","XOF","500.00","2.44","1.06","Not applicable","Not applicable","Not applicable","Not applicable"
"Burundi","2014","BIF","1600.00","2.05","1.03","BIF","1761.86","2.26","1.14"
"Burundi","2012","BIF","800.00","1.31","0.55","Not available","Not available","Not available","Not available"
"Burundi","2010","BIF","800.00","1.47","0.65","Not applicable","Not applicable","Not applicable","Not applicable"
"Burundi","2008","BIF","600.00","1.34","0.49","Not applicable","Not applicable","Not applicable","Not applicable"
"Cabo Verde","2014","CVE","180.00","2.45","2.18","Not available","Not available","Not available","Not available"
"Cabo Verde","2012","CVE","180.00","2.49","2.01","Not available","Not available","Not available","Not available"
"Cabo Verde","2010","CVE","180.00","2.50","2.13","Not applicable","Not applicable","Not applicable","Not applicable"
"Cabo Verde","2008","CVE","180.00","2.65","2.27","Not applicable","Not applicable","Not applicable","Not applicable"
"Cambodia","2014","KHR","1800.00","1.12","0.44","KHR","1476.19","0.92","0.36"
"Cambodia","2012","KHR","1700.00","1.07","0.42","KHR","1376.19","0.86","0.34"
"Cambodia","2010","USD","0.33","0.00","0.33","Not applicable","Not applicable","Not applicable","Not applicable"
"Cambodia","2008","USD","0.30","0.00","0.30","Not applicable","Not applicable","Not applicable","Not applicable"
"Cameroon","2014","XAF","500.00","1.92","1.02","XAF","634.01","2.43","1.29"
"Cameroon","2012","XAF","500.00","1.96","0.94","XAF","545.86","7.54","6.08"
"Cameroon","2010","XAF","500.00","1.99","0.99","Not applicable","Not applicable","Not applicable","Not applicable"
"Cameroon","2008","XAF","500.00","1.95","1.06","Not applicable","Not applicable","Not applicable","Not applicable"
"Canada","2014","CAD","9.25","7.50","8.49","CAD","8.49","6.88","7.79"
"Canada","2012","CAD","8.49","6.80","8.49","CAD","8.49","6.80","8.49"
"Canada","2010","CAD","8.68","7.11","8.44","Not applicable","Not applicable","Not applicable","Not applicable"
"Canada","2008","CAD","7.86","6.38","6.42","Not applicable","Not applicable","Not applicable","Not applicable"
"Central African Republic","2014","XOF","500.00","1.59","1.02","Not available","Not available","Not available","Not available"
"Central African Republic","2012",". . .","Not available","Not available","Not available","Not available","Not available","Not available","Not available"
"Central African Republic","2010","XOF","312.00","1.08","0.62","Not applicable","Not applicable","Not applicable","Not applicable"
"Central African Republic","2008","XOF","300.00","1.09","0.64","Not applicable","Not applicable","Not applicable","Not applicable"
"Chad","2014","XAF","700.00","2.87","1.43","Not available","Not available","Not available","Not available"
"Chad","2012","XAF","500.00","2.14","0.94","Not available","Not available","Not available","Not available"
"Chad","2010","XAF","500.00","2.22","0.99","Not applicable","Not applicable","Not applicable","Not applicable"
"Chad","2008","XAF","500.00","2.16","1.06","Not applicable","Not applicable","Not applicable","Not applicable"
"Chile","2014","CLP","2500.00","5.98","4.38","CLP","2181.29","5.21","3.82"
"Chile","2012","CLP","1800.00","4.39","3.73","CLP","1510.32","3.69","3.13"
"Chile","2010","CLP","1600.00","3.91","3.06","Not applicable","Not applicable","Not applicable","Not applicable"
"Chile","2008","CLP","1300.00","3.56","2.07","Not applicable","Not applicable","Not applicable","Not applicable"
"China","2014","CNY","10.00","2.33","1.62","CNY","9.16","2.13","1.48"
"China","2012","CNY","10.00","2.36","1.58","CNY","9.16","2.16","1.45"
"China","2010","CNY","5.00","1.29","0.74","Not applicable","Not applicable","Not applicable","Not applicable"
"China","2008","CNY","5.00","1.31","0.73","Not applicable","Not applicable","Not applicable","Not applicable"
"Colombia","2014","COP","2479.00","1.82","1.32","COP","2473.24","1.81","1.32"
"Colombia","2012","COP","2269.00","1.69","1.27","COP","2245.23","1.67","1.26"
"Colombia","2010","COP","1880.00","1.53","1.02","Not applicable","Not applicable","Not applicable","Not applicable"
"Colombia","2008","COP","1769.00","1.48","0.80","Not applicable","Not applicable","Not applicable","Not applicable"
"Comoros","2014","KMF","500.00","1.84","1.36","KMF","532.83","1.96","1.45"
"Comoros","2012","KMF","500.00","1.90","1.25","Not available","Not available","Not available","Not available"
"Comoros","2010","KMF","500.00","1.99","1.32","Not applicable","Not applicable","Not applicable","Not applicable"
"Comoros","2008","KMF","500.00","2.12","1.41","Not applicable","Not applicable","Not applicable","Not applicable"
"Congo","2014","XAF","600.00","1.87","1.22","Not available","Not available","Not available","Not available"
"Congo","2012","XAF","500.00","1.27","0.94","Not available","Not available","Not available","Not available"
"Congo","2010","XAF","500.00","1.45","0.99","Not applicable","Not applicable","Not applicable","Not applicable"
"Congo","2008","XAF","500.00","1.36","1.06","Not applicable","Not applicable","Not applicable","Not applicable"
"Cook Islands","2014","NZD","19.00","Not available","16.12","Not available","Not available","Not available","Not available"
"Cook Islands","2012","NZD","12.00","Not available","9.68","Not available","Not available","Not available","Not available"
"Cook Islands","2010","NZD","8.20","Not available","5.94","Not applicable","Not applicable","Not applicable","Not applicable"
"Cook Islands","2008","NZD","8.20","Not available","4.74","Not applicable","Not applicable","Not applicable","Not applicable"
"Costa Rica","2014","CRC","1600.00","3.85","2.97","CRC","1508.00","3.63","2.80"
"Costa Rica","2012","CRC","1300.00","3.30","2.60","Not available","Not available","Not available","Not available"
"Costa Rica","2010","CRC","800.00","2.22","1.55","Not applicable","Not applicable","Not applicable","Not applicable"
"Costa Rica","2008","CRC","750.00","2.33","1.35","Not applicable","Not applicable","Not applicable","Not applicable"
"C么te d'Ivoire","2014","XOF","700.00","2.17","1.43","Not available","Not available","Not available","Not available"
"C么te d'Ivoire","2012","XOF","700.00","2.20","1.31","Not available","Not available","Not available","Not available"
"C么te d'Ivoire","2010","XOF","700.00","2.29","1.39","Not applicable","Not applicable","Not applicable","Not applicable"
"C么te d'Ivoire","2008","XOF","700.00","2.28","1.49","Not applicable","Not applicable","Not applicable","Not applicable"
"Croatia","2014","HRK","23.00","5.50","4.04","HRK","23.63","5.65","4.15"
"Croatia","2012","HRK","20.00","4.63","3.27","HRK","20.77","4.81","3.39"
"Croatia","2010","HRK","18.00","4.20","3.23","Not applicable","Not applicable","Not applicable","Not applicable"
"Croatia","2008","HRK","15.00","3.62","2.91","Not applicable","Not applicable","Not applicable","Not applicable"
"Cuba","2014",". . .","Not available","Not available","Not available","Not available","Not available","Not available","Not available"
"Cuba","2012","CUP","7.60","Not available","7.60","Not available","Not available","Not available","Not available"
"Cuba","2010",". . .","Not available","Not available","Not available","Not applicable","Not applicable","Not applicable","Not applicable"
"Cuba","2008","CUP","7.00","Not available","0.30","Not applicable","Not applicable","Not applicable","Not applicable"
"Cyprus","2014","EUR","4.00","5.47","5.35","EUR","4.03","5.52","5.39"
"Cyprus","2012","EUR","3.75","4.88","4.63","EUR","3.77","4.90","4.65"
"Cyprus","2010","EUR","2.82","3.73","3.67","Not applicable","Not applicable","Not applicable","Not applicable"
"Cyprus","2008","EUR","2.82","3.75","3.92","Not applicable","Not applicable","Not applicable","Not applicable"
"Czechia","2014","CZK","72.00","5.32","3.49","CZK","76.95","5.69","3.73"
"Czechia","2012","CZK","68.00","5.03","3.31","CZK","66.38","4.91","3.23"
"Czechia","2010","CZK","63.00","4.35","3.31","Not applicable","Not applicable","Not applicable","Not applicable"
"Czechia","2008","CZK","53.00","3.76","2.74","Not applicable","Not applicable","Not applicable","Not applicable"
"Democratic People's Republic of Korea","2014","KPW","246.38","Not available","2.51","Not available","Not available","Not available","Not available"
"Democratic People's Republic of Korea","2012",". . .","Not available","Not available","Not available","Not available","Not available","Not available","Not available"
"Democratic People's Republic of Korea","2010",". . .","Not available","Not available","Not available","Not applicable","Not applicable","Not applicable","Not applicable"
"Democratic People's Republic of Korea","2008","KPW","20.00","0.06","0.14","Not applicable","Not applicable","Not applicable","Not applicable"
"Democratic Republic of the Congo","2014","CDF","750.00","1.34","0.81","Not available","Not available","Not available","Not available"
"Democratic Republic of the Congo","2012","CDF","750.00","1.22","0.82","Not available","Not available","Not available","Not available"
"Democratic Republic of the Congo","2010","CDF","700.00","1.31","0.78","Not applicable","Not applicable","Not applicable","Not applicable"
"Democratic Republic of the Congo","2008","CDF","600.00","1.89","0.94","Not applicable","Not applicable","Not applicable","Not applicable"
"Denmark","2014","DKK","44.00","5.06","7.89","DKK","41.11","4.73","7.38"
"Denmark","2012","DKK","40.00","4.61","6.60","DKK","40.47","4.66","6.68"
"Denmark","2010","DKK","37.00","4.32","6.47","Not applicable","Not applicable","Not applicable","Not applicable"
"Denmark","2008","DKK","32.00","3.78","6.05","Not applicable","Not applicable","Not applicable","Not applicable"
"Djibouti","2014","DJF","200.00","1.92","1.13","Not available","Not available","Not available","Not available"
"Djibouti","2012","DJF","200.00","1.97","1.13","Not available","Not available","Not available","Not available"
"Djibouti","2010","DJF","200.00","2.08","1.13","Not applicable","Not applicable","Not applicable","Not applicable"
"Djibouti","2008","DJF","180.00","1.94","1.01","Not applicable","Not applicable","Not applicable","Not applicable"
"Dominica","2014","XCD","4.25","3.19","1.57","Not available","Not available","Not available","Not available"
"Dominica","2012","XCD","4.25","3.13","1.57","Not available","Not available","Not available","Not available"
"Dominica","2010","XCD","3.50","2.63","1.30","Not applicable","Not applicable","Not applicable","Not applicable"
"Dominica","2008","XCD","3.50","2.63","1.30","Not applicable","Not applicable","Not applicable","Not applicable"
"Dominican Republic","2014","DOP","150.00","5.93","3.43","DOP","158.14","6.25","3.61"
"Dominican Republic","2012","DOP","130.00","5.36","3.32","DOP","133.97","5.53","3.42"
"Dominican Republic","2010","DOP","120.00","5.44","3.24","Not applicable","Not applicable","Not applicable","Not applicable"
"Dominican Republic","2008","DOP","100.00","4.87","2.82","Not applicable","Not applicable","Not applicable","Not applicable"
"Ecuador","2014","USD","3.10","5.14","3.10","USD","3.56","5.91","3.56"
"Ecuador","2012","USD","2.60","4.83","2.60","USD","3.05","5.67","3.05"
"Ecuador","2010","USD","1.70","Not available","1.70","Not applicable","Not applicable","Not applicable","Not applicable"
"Ecuador","2008","USD","1.70","3.39","1.70","Not applicable","Not applicable","Not applicable","Not applicable"
"Egypt","2014","EGP","8.00","2.31","1.12","EGP","9.30","2.69","1.30"
"Egypt","2012","EGP","6.00","2.09","0.99","EGP","6.59","2.29","1.09"
"Egypt","2010","EGP","4.00","1.66","0.70","Not applicable","Not applicable","Not applicable","Not applicable"
"Egypt","2008","EGP","2.75","1.36","0.49","Not applicable","Not applicable","Not applicable","Not applicable"
"El Salvador","2014","USD","2.00","3.85","0.23","Not available","Not available","Not available","Not available"
"El Salvador","2012","USD","1.95","3.68","1.95","Not available","Not available","Not available","Not available"
"El Salvador","2010","USD","1.75","3.51","1.75","Not applicable","Not applicable","Not applicable","Not applicable"
"El Salvador","2008","USD","1.40","2.79","1.40","Not applicable","Not applicable","Not applicable","Not applicable"
"Equatorial Guinea","2014","XOF","500.00","1.18","1.02","Not available","Not available","Not available","Not available"
"Equatorial Guinea","2012","XOF","500.00","1.24","0.94","Not available","Not available","Not available","Not available"
"Equatorial Guinea","2010","XOF","500.00","1.65","0.99","Not applicable","Not applicable","Not applicable","Not applicable"
"Equatorial Guinea","2008","XOF","500.00","1.35","1.06","Not applicable","Not applicable","Not applicable","Not applicable"
"Eritrea","2014","ERN","60.00","4.67","3.90","Not available","Not available","Not available","Not available"
"Eritrea","2012","ERN","40.00","3.68","2.60","Not available","Not available","Not available","Not available"
"Eritrea","2010","ERN","30.00","3.12","1.95","Not applicable","Not applicable","Not applicable","Not applicable"
"Eritrea","2008","ERN","25.00","3.95","1.63","Not applicable","Not applicable","Not applicable","Not applicable"
"Estonia","2014","EUR","3.50","5.51","4.68","EUR","3.05","4.80","4.08"
"Estonia","2012","EUR","3.10","5.16","3.83","EUR","2.88","4.80","3.56"
"Estonia","2010","EEK","31.91","3.53","2.66","Not applicable","Not applicable","Not applicable","Not applicable"
"Estonia","2008","EEK","32.18","3.49","2.90","Not applicable","Not applicable","Not applicable","Not applicable"
"Eswatini","2014","SZL","35.00","6.54","3.27","Not available","Not available","Not available","Not available"
"Eswatini","2012",". . .","Not available","Not available","Not available","Not available","Not available","Not available","Not available"
"Eswatini","2010","SZL","27.50","6.15","3.75","Not applicable","Not applicable","Not applicable","Not applicable"
"Eswatini","2008","SZL","27.50","6.77","2.96","Not applicable","Not applicable","Not applicable","Not applicable"
"Ethiopia","2014","ETB","15.00","1.91","0.76","ETB","15.41","1.97","0.79"
"Ethiopia","2012","ETB","8.00","1.14","0.45","Not available","Not available","Not available","Not available"
"Ethiopia","2010","ETB","7.00","1.51","0.55","Not applicable","Not applicable","Not applicable","Not applicable"
"Ethiopia","2008","ETB","4.35","1.24","0.44","Not applicable","Not applicable","Not applicable","Not applicable"
"Fiji","2014","FJD","7.80","4.56","4.21","FJD","7.81","4.57","4.21"
"Fiji","2012","FJD","7.20","4.21","4.02","FJD","7.24","4.23","4.05"
"Fiji","2010",". . .","Not available","Not available","Not available","Not applicable","Not applicable","Not applicable","Not applicable"
"Fiji","2008","FJD","4.60","3.16","2.61","Not applicable","Not applicable","Not applicable","Not applicable"
"Finland","2014","EUR","5.50","5.49","7.36","EUR","5.43","5.42","7.26"
"Finland","2012","EUR","4.90","4.98","6.05","EUR","4.95","5.03","6.11"
"Finland","2010","EUR","4.40","4.59","5.73","Not applicable","Not applicable","Not applicable","Not applicable"
"Finland","2008","EUR","4.40","4.59","6.12","Not applicable","Not applicable","Not applicable","Not applicable"
"France","2014","EUR","7.00","7.76","9.37","EUR","6.86","7.61","9.18"
"France","2012","EUR","6.20","6.78","7.65","EUR","6.12","6.69","7.55"
"France","2010","EUR","5.60","6.15","7.30","Not applicable","Not applicable","Not applicable","Not applicable"
"France","2008","EUR","5.30","5.80","7.38","Not applicable","Not applicable","Not applicable","Not applicable"
"Gabon","2014","XAF","1000.00","3.21","2.04","Not available","Not available","Not available","Not available"
"Gabon","2012","XAF","1000.00","2.95","1.87","Not available","Not available","Not available","Not available"
"Gabon","2010","XAF","1000.00","3.49","1.99","Not applicable","Not applicable","Not applicable","Not applicable"
"Gabon","2008","XAF","1000.00","3.26","2.12","Not applicable","Not applicable","Not applicable","Not applicable"
"Gambia","2014","GMD","30.00","3.26","0.71","GMD","40.60","4.42","0.97"
"Gambia","2012","GMD","15.00","1.77","0.46","Not available","Not available","Not available","Not available"
"Gambia","2010","GMD","10.00","1.19","0.35","Not applicable","Not applicable","Not applicable","Not applicable"
"Gambia","2008","GMD","10.00","1.31","0.36","Not applicable","Not applicable","Not applicable","Not applicable"
"Georgia","2014","GEL","2.20","2.22","1.26","GEL","2.38","2.41","1.37"
"Georgia","2012","GEL","1.90","1.86","1.14","GEL","1.60","1.57","0.96"
"Georgia","2010","GEL","1.80","1.97","0.98","Not applicable","Not applicable","Not applicable","Not applicable"
"Georgia","2008","GEL","1.80","2.03","1.08","Not applicable","Not applicable","Not applicable","Not applicable"
"Germany","2014","EUR","5.47","6.45","7.32","EUR","5.38","6.34","7.20"
"Germany","2012","EUR","5.26","6.28","6.49","EUR","4.81","5.74","5.94"
"Germany","2010","EUR","4.95","5.74","6.45","Not applicable","Not applicable","Not applicable","Not applicable"
"Germany","2008","EUR","4.71","5.55","6.55","Not applicable","Not applicable","Not applicable","Not applicable"
"Ghana","2014","GHS","2.50","2.29","0.82","GHS","2.63","2.41","0.87"
"Ghana","2012","GHS","2.00","2.31","1.06","GHS","2.03","2.35","1.08"
"Ghana","2010","GHS","2.00","2.94","1.39","Not applicable","Not applicable","Not applicable","Not applicable"
"Ghana","2008","GHS","1.50","2.94","1.90","Not applicable","Not applicable","Not applicable","Not applicable"
"Greece","2014","EUR","4.00","5.95","5.35","EUR","3.86","5.75","5.17"
"Greece","2012","EUR","3.70","5.10","4.57","EUR","3.42","4.71","4.22"
"Greece","2010","EUR","3.20","4.37","4.17","Not applicable","Not applicable","Not applicable","Not applicable"
"Greece","2008","EUR","3.00","4.23","4.18","Not applicable","Not applicable","Not applicable","Not applicable"
"Grenada","2014","XCD","7.50","4.93","2.78","Not available","Not available","Not available","Not available"
"Grenada","2012",". . .","Not available","Not available","Not available","Not available","Not available","Not available","Not available"
"Grenada","2010","XCD","7.50","4.83","2.78","Not applicable","Not applicable","Not applicable","Not applicable"
"Grenada","2008","XCD","6.00","3.87","2.22","Not applicable","Not applicable","Not applicable","Not applicable"
"Guatemala","2014","GTQ","16.00","2.98","2.05","GTQ","17.29","3.22","2.22"
"Guatemala","2012","GTQ","14.00","2.76","1.79","GTQ","14.77","2.92","1.89"
"Guatemala","2010","GTQ","13.59","2.88","1.70","Not applicable","Not applicable","Not applicable","Not applicable"
"Guatemala","2008","GTQ","10.00","2.26","1.29","Not applicable","Not applicable","Not applicable","Not applicable"
"Guinea","2014",". . .","Not available","Not available","Not available","Not available","Not available","Not available","Not available"
"Guinea","2012","GNF","3000.00","0.92","0.43","Not available","Not available","Not available","Not available"
"Guinea","2010","GNF","2000.00","0.86","0.39","Not applicable","Not applicable","Not applicable","Not applicable"
"Guinea","2008","GNF","2000.00","1.00","0.39","Not applicable","Not applicable","Not applicable","Not applicable"
"Guinea-Bissau","2014","XOF","300.00","1.40","0.61","Not available","Not available","Not available","Not available"
"Guinea-Bissau","2012","XOF","300.00","1.26","0.56","Not available","Not available","Not available","Not available"
"Guinea-Bissau","2010","XOF","300.00","1.28","0.60","Not applicable","Not applicable","Not applicable","Not applicable"
"Guinea-Bissau","2008","XOF","300.00","1.31","0.64","Not applicable","Not applicable","Not applicable","Not applicable"
"Guyana","2014","GYD","300.00","3.11","1.45","Not available","Not available","Not available","Not available"
"Guyana","2012","GYD","300.00","3.30","1.47","Not available","Not available","Not available","Not available"
"Guyana","2010","GYD","300.00","3.55","1.47","Not applicable","Not applicable","Not applicable","Not applicable"
"Guyana","2008","GYD","240.00","3.02","1.17","Not applicable","Not applicable","Not applicable","Not applicable"
"Haiti","2014",". . .","Not available","Not available","Not available","Not available","Not available","Not available","Not available"
"Haiti","2012",". . .","Not available","Not available","Not available","Not available","Not available","Not available","Not available"
"Haiti","2010",". . .","Not available","Not available","Not available","Not applicable","Not applicable","Not applicable","Not applicable"
"Haiti","2008",". . .","Not available","Not available","Not available","Not applicable","Not applicable","Not applicable","Not applicable"
"Honduras","2014","HNL","36.00","3.56","1.72","HNL","34.20","3.38","1.63"
"Honduras","2012","HNL","33.35","3.50","1.76","HNL","30.24","3.18","1.60"
"Honduras","2010","HNL","27.00","3.11","1.43","Not applicable","Not applicable","Not applicable","Not applicable"
"Honduras","2008","HNL","18.00","2.23","0.95","Not applicable","Not applicable","Not applicable","Not applicable"
"Hungary","2014","HUF","1000.00","6.78","4.29","HUF","994.36","6.74","4.27"
"Hungary","2012","HUF","757.89","5.15","3.33","HUF","710.26","4.82","3.12"
"Hungary","2010","HUF","610.53","4.27","2.80","Not applicable","Not applicable","Not applicable","Not applicable"
"Hungary","2008","HUF","568.42","4.20","3.02","Not applicable","Not applicable","Not applicable","Not applicable"
"Iceland","2014","ISK","1219.00","8.89","10.59","ISK","1219.00","8.89","10.59"
"Iceland","2012","ISK","998.00","7.42","8.25","ISK","998.28","7.42","8.25"
"Iceland","2010","ISK","900.00","6.67","7.47","Not applicable","Not applicable","Not applicable","Not applicable"
"Iceland","2008","ISK","665.00","5.79","5.52","Not applicable","Not applicable","Not applicable","Not applicable"
"India","2014","INR","106.00","4.50","1.76","INR","109.13","4.63","1.81"
"India","2012","INR","98.00","4.88","1.76","INR","107.00","5.33","1.92"
"India","2010","INR","70.00","3.95","1.51","Not applicable","Not applicable","Not applicable","Not applicable"
"India","2008","INR","58.00","3.58","1.20","Not applicable","Not applicable","Not applicable","Not applicable"
"Indonesia","2014","IDR","18333.33","2.51","1.58","IDR","19554.87","2.68","1.69"
"Indonesia","2012","IDR","16666.67","2.32","1.76","IDR","15804.52","2.20","1.67"
"Indonesia","2010","IDR","13125.00","2.14","1.47","Not applicable","Not applicable","Not applicable","Not applicable"
"Indonesia","2008","IDR","12500.00","2.30","1.14","Not applicable","Not applicable","Not applicable","Not applicable"
"Iran (Islamic Republic of)","2014","IRR","22000.00","1.94","0.84","IRR","28621.15","2.52","1.09"
"Iran (Islamic Republic of)","2012","IRR","12000.00","1.90","0.98","IRR","14278.69","2.26","1.16"
"Iran (Islamic Republic of)","2010","IRR","4739.00","1.08","0.46","Not applicable","Not applicable","Not applicable","Not applicable"
"Iran (Islamic Republic of)","2008","IRR","4739.00","1.19","0.48","Not applicable","Not applicable","Not applicable","Not applicable"
"Iraq","2014","IQD","500.00","0.48","0.43","Not available","Not available","Not available","Not available"
"Iraq","2012","IQD","500.00","0.43","0.43","Not available","Not available","Not available","Not available"
"Iraq","2010","IQD","750.00","0.88","0.64","Not applicable","Not applicable","Not applicable","Not applicable"
"Iraq","2008","IQD","750.00","0.77","0.63","Not applicable","Not applicable","Not applicable","Not applicable"
"Ireland","2014","EUR","9.60","11.16","12.84","EUR","9.60","11.16","12.84"
"Ireland","2012","EUR","9.10","10.56","11.23","EUR","9.13","10.59","11.27"
"Ireland","2010","EUR","8.55","9.51","11.14","Not applicable","Not applicable","Not applicable","Not applicable"
"Ireland","2008","EUR","8.05","8.27","11.20","Not applicable","Not applicable","Not applicable","Not applicable"
"Israel","2014","ILS","30.00","7.78","8.75","ILS","27.57","7.15","8.04"
"Israel","2012","ILS","23.00","6.24","5.75","Not available","Not available","Not available","Not available"
"Israel","2010","ILS","21.00","5.56","5.56","Not applicable","Not applicable","Not applicable","Not applicable"
"Israel","2008","ILS","19.00","5.35","5.00","Not applicable","Not applicable","Not applicable","Not applicable"
"Italy","2014","EUR","5.00","5.82","6.69","EUR","4.67","5.43","6.24"
"Italy","2012","EUR","5.00","5.84","6.17","EUR","4.65","5.44","5.74"
"Italy","2010","EUR","3.70","4.21","4.82","Not applicable","Not applicable","Not applicable","Not applicable"
"Italy","2008","EUR","3.60","4.16","5.01","Not applicable","Not applicable","Not applicable","Not applicable"
"Jamaica","2014","JMD","800.00","13.00","7.10","JMD","800.00","13.00","7.10"
"Jamaica","2012","JMD","660.00","12.19","7.38","JMD","660.00","12.19","7.38"
"Jamaica","2010","JMD","580.00","11.57","6.75","Not applicable","Not applicable","Not applicable","Not applicable"
"Jamaica","2008","JMD","404.95","9.74","5.05","Not applicable","Not applicable","Not applicable","Not applicable"
"Japan","2014","JPY","430.00","4.22","4.18","JPY","441.55","4.34","4.30"
"Japan","2012","JPY","410.00","3.95","5.25","JPY","419.31","4.04","5.37"
"Japan","2010","JPY","300.00","2.71","3.47","Not applicable","Not applicable","Not applicable","Not applicable"
"Japan","2008","JPY","300.00","2.58","3.31","Not applicable","Not applicable","Not applicable","Not applicable"
"Jordan","2014","JOD","1.20","1.95","1.69","Not available","Not available","Not available","Not available"
"Jordan","2012","JOD","1.10","1.89","1.55","Not available","Not available","Not available","Not available"
"Jordan","2010","JOD","0.95","1.71","1.34","Not applicable","Not applicable","Not applicable","Not applicable"
"Jordan","2008","JOD","0.85","1.70","1.20","Not applicable","Not applicable","Not applicable","Not applicable"
"Kazakhstan","2014","KZT","210.00","1.42","1.15","KZT","215.24","1.45","1.17"
"Kazakhstan","2012","KZT","130.00","1.02","0.87","KZT","160.80","1.26","1.07"
"Kazakhstan","2010","KZT","100.00","1.03","0.68","Not applicable","Not applicable","Not applicable","Not applicable"
"Kazakhstan","2008","KZT","90.00","0.98","0.75","Not applicable","Not applicable","Not applicable","Not applicable"
"Kenya","2014","KES","100.00","1.95","1.14","KES","91.23","1.78","1.04"
"Kenya","2012","KES","90.00","1.93","1.07","KES","78.58","1.69","0.93"
"Kenya","2010","KES","100.00","2.59","1.25","Not applicable","Not applicable","Not applicable","Not applicable"
"Kenya","2008","KES","80.00","2.31","1.03","Not applicable","Not applicable","Not applicable","Not applicable"
"Kiribati","2014","AUD","2.70","10.55","2.52","Not available","Not available","Not available","Not available"
"Kiribati","2012","AUD","4.80","18.97","5.05","Not available","Not available","Not available","Not available"
"Kiribati","2010","AUD","6.40","Not available","5.75","Not applicable","Not applicable","Not applicable","Not applicable"
"Kiribati","2008","AUD","6.40","Not available","4.43","Not applicable","Not applicable","Not applicable","Not applicable"
"Kuwait","2014","KWD","0.75","2.34","2.65","Not available","Not available","Not available","Not available"
"Kuwait","2012","KWD","0.65","1.92","2.32","Not available","Not available","Not available","Not available"
"Kuwait","2010","KWD","0.47","1.93","0.14","Not applicable","Not applicable","Not applicable","Not applicable"
"Kuwait","2008","KWD","0.47","1.64","1.70","Not applicable","Not applicable","Not applicable","Not applicable"
"Kyrgyzstan","2014","KGS","35.00","1.42","0.68","Not available","Not available","Not available","Not available"
"Kyrgyzstan","2012","KGS","24.00","1.10","0.51","Not available","Not available","Not available","Not available"
"Kyrgyzstan","2010","KGS","23.00","1.31","0.49","Not applicable","Not applicable","Not applicable","Not applicable"
"Kyrgyzstan","2008","KGS","22.00","1.37","0.56","Not applicable","Not applicable","Not applicable","Not applicable"
"Lao People's Democratic Republic","2014","LAK","8000.00","1.93","0.99","Not available","Not available","Not available","Not available"
"Lao People's Democratic Republic","2012","LAK","6000.00","1.56","0.75","Not available","Not available","Not available","Not available"
"Lao People's Democratic Republic","2010","LAK","5000.00","1.46","0.61","Not applicable","Not applicable","Not applicable","Not applicable"
"Lao People's Democratic Republic","2008","LAK","5000.00","1.44","0.57","Not applicable","Not applicable","Not applicable","Not applicable"
"Latvia","2014","EUR","3.00","7.14","4.01","EUR","2.99","7.13","4.01"
"Latvia","2012","LVL","1.80","4.42","3.16","LVL","1.86","4.58","3.27"
"Latvia","2010","LVL","1.52","3.91","2.81","Not applicable","Not applicable","Not applicable","Not applicable"
"Latvia","2008","LVL","1.48","3.57","2.99","Not applicable","Not applicable","Not applicable","Not applicable"
"Lebanon","2014","LBP","3250.00","3.22","2.16","LBP","2696.24","2.67","1.79"
"Lebanon","2012","LBP","2750.00","2.80","1.82","LBP","2310.04","2.35","1.53"
"Lebanon","2010","LBP","2250.00","2.28","1.49","Not applicable","Not applicable","Not applicable","Not applicable"
"Lebanon","2008","LBP","2000.00","2.21","1.33","Not applicable","Not applicable","Not applicable","Not applicable"
"Lesotho","2014","LSL","34.99","6.47","3.27","Not available","Not available","Not available","Not available"
"Lesotho","2012","LSL","32.00","6.31","3.91","Not available","Not available","Not available","Not available"
"Lesotho","2010","LSL","28.00","5.85","3.82","Not applicable","Not applicable","Not applicable","Not applicable"
"Lesotho","2008","LSL","22.00","4.95","2.36","Not applicable","Not applicable","Not applicable","Not applicable"
"Liberia","2014","LRD","79.12","Not available","0.90","LRD","47.44","Not available","0.54"
"Liberia","2012","LRD","65.00","Not available","0.88","Not available","Not available","Not available","Not available"
"Liberia","2010","LRD","50.00","Not available","0.69","Not applicable","Not applicable","Not applicable","Not applicable"
"Liberia","2008","LRD","50.00","Not available","0.78","Not applicable","Not applicable","Not applicable","Not applicable"
"Libya","2014","LYD","3.00","2.69","2.38","Not available","Not available","Not available","Not available"
"Libya","2012","LYD","1.50","1.01","1.18","Not available","Not available","Not available","Not available"
"Libya","2010","LYD","1.00","0.99","1.31","Not applicable","Not applicable","Not applicable","Not applicable"
"Libya","2008","LYD","1.00","0.78","0.80","Not applicable","Not applicable","Not applicable","Not applicable"
"Lithuania","2014","LTL","9.40","5.34","3.65","LTL","9.00","5.11","3.49"
"Lithuania","2012","LTL","8.50","4.86","3.02","LTL","8.44","4.82","3.00"
"Lithuania","2010","LTL","7.60","4.55","2.87","Not applicable","Not applicable","Not applicable","Not applicable"
"Lithuania","2008","LTL","5.00","2.89","2.04","Not applicable","Not applicable","Not applicable","Not applicable"
"Luxembourg","2014","EUR","5.00","4.71","6.69","EUR","4.75","4.47","6.35"
"Luxembourg","2012","EUR","4.60","4.51","5.68","EUR","4.35","4.26","5.37"
"Luxembourg","2010","EUR","3.68","3.70","4.79","Not applicable","Not applicable","Not applicable","Not applicable"
"Luxembourg","2008","EUR","3.20","3.26","4.45","Not applicable","Not applicable","Not applicable","Not applicable"
"Madagascar","2014","MGA","2500.00","2.26","1.01","Not available","Not available","Not available","Not available"
"Madagascar","2012","MGA","2000.00","1.86","0.88","Not available","Not available","Not available","Not available"
"Madagascar","2010","MGA","2000.00","2.16","0.92","Not applicable","Not applicable","Not applicable","Not applicable"
"Madagascar","2008","MGA","1400.00","1.75","0.75","Not applicable","Not applicable","Not applicable","Not applicable"
"Malawi","2014","MWK","800.00","7.43","2.01","Not available","Not available","Not available","Not available"
"Malawi","2012","MWK","500.00","7.21","1.82","Not available","Not available","Not available","Not available"
"Malawi","2010",". . .","Not available","Not available","Not available","Not applicable","Not applicable","Not applicable","Not applicable"
"Malawi","2008","MWK","150.00","2.92","1.03","Not applicable","Not applicable","Not applicable","Not applicable"
"Malaysia","2014","MYR","12.00","6.22","3.76","MYR","11.75","6.10","3.69"
"Malaysia","2012","MYR","10.00","5.15","3.18","MYR","9.75","5.02","3.10"
"Malaysia","2010","MYR","10.00","5.54","3.14","Not applicable","Not applicable","Not applicable","Not applicable"
"Malaysia","2008","MYR","9.00","4.69","2.60","Not applicable","Not applicable","Not applicable","Not applicable"
"Maldives","2014","MVR","38.00","3.18","2.47","Not available","Not available","Not available","Not available"
"Maldives","2012","MVR","37.00","3.50","2.41","Not available","Not available","Not available","Not available"
"Maldives","2010","MVR","19.00","1.82","1.48","Not applicable","Not applicable","Not applicable","Not applicable"
"Maldives","2008","MVR","19.00","2.03","1.48","Not applicable","Not applicable","Not applicable","Not applicable"
"Mali","2014","XOF","1000.00","3.37","2.04","XOF","548.14","1.85","1.12"
"Mali","2012","XOF","700.00","2.43","1.31","Not available","Not available","Not available","Not available"
"Mali","2010","XOF","700.00","2.56","1.39","Not applicable","Not applicable","Not applicable","Not applicable"
"Mali","2008","XOF","700.00","2.70","1.49","Not applicable","Not applicable","Not applicable","Not applicable"
"Malta","2014","EUR","4.80","7.77","6.42","Not available","Not available","Not available","Not available"
"Malta","2012","EUR","4.20","7.00","5.19","Not available","Not available","Not available","Not available"
"Malta","2010","EUR","4.00","6.78","5.21","Not applicable","Not applicable","Not applicable","Not applicable"
"Malta","2008","EUR","3.59","6.23","5.00","Not applicable","Not applicable","Not applicable","Not applicable"
"Marshall Islands","2014","USD","2.14","5.98","2.14","Not available","Not available","Not available","Not available"
"Marshall Islands","2012","USD","3.50","9.67","3.50","Not available","Not available","Not available","Not available"
"Marshall Islands","2010","USD","2.75","Not available","2.75","Not applicable","Not applicable","Not applicable","Not applicable"
"Marshall Islands","2008","USD","2.50","Not available","2.50","Not applicable","Not applicable","Not applicable","Not applicable"
"Mauritania","2014","MRO","500.00","3.31","1.74","Not available","Not available","Not available","Not available"
"Mauritania","2012","MRO","400.00","2.46","1.32","Not available","Not available","Not available","Not available"
"Mauritania","2010","MRO","400.00","2.78","1.51","Not applicable","Not applicable","Not applicable","Not applicable"
"Mauritania","2008","MRO","350.00","2.59","1.35","Not applicable","Not applicable","Not applicable","Not applicable"
"Mauritius","2014","MUR","125.00","6.98","4.10","Not available","Not available","Not available","Not available"
"Mauritius","2012","MUR","105.00","6.06","3.40","Not available","Not available","Not available","Not available"
"Mauritius","2010","MUR","75.00","4.39","2.48","Not applicable","Not applicable","Not applicable","Not applicable"
"Mauritius","2008","MUR","65.00","3.87","2.05","Not applicable","Not applicable","Not applicable","Not applicable"
"Mexico","2014","MXN","45.00","5.08","3.45","MXN","45.64","5.15","3.50"
"Mexico","2012","MXN","40.00","4.47","3.01","MXN","40.84","4.56","3.08"
"Mexico","2010","MXN","30.00","3.61","2.37","Not applicable","Not applicable","Not applicable","Not applicable"
"Mexico","2008","MXN","28.00","3.58","2.07","Not applicable","Not applicable","Not applicable","Not applicable"
"Micronesia (Federated States of)","2014","USD","2.12","4.83","2.12","Not available","Not available","Not available","Not available"
"Micronesia (Federated States of)","2012","USD","2.00","4.54","2.00","Not available","Not available","Not available","Not available"
"Micronesia (Federated States of)","2010","USD","1.50","Not available","1.50","Not applicable","Not applicable","Not applicable","Not applicable"
"Micronesia (Federated States of)","2008","USD","1.50","Not available","1.50","Not applicable","Not applicable","Not applicable","Not applicable"
"Monaco","2014",". . .","Not available","Not available","Not available","Not available","Not available","Not available","Not available"
"Monaco","2012",". . .","Not available","Not available","Not available","Not available","Not available","Not available","Not available"
"Monaco","2010","EUR","5.60","Not available","7.30","Not applicable","Not applicable","Not applicable","Not applicable"
"Monaco","2008",". . .","Not available","Not available","Not available","Not applicable","Not applicable","Not applicable","Not applicable"
"Mongolia","2014","MNT","2700.00","2.50","1.44","MNT","2744.42","2.54","1.47"
"Mongolia","2012","MNT","800.00","0.87","0.59","MNT","0.00","0.00","0.00"
"Mongolia","2010","MNT","800.00","1.04","0.59","Not applicable","Not applicable","Not applicable","Not applicable"
"Mongolia","2008","MNT","500.00","0.78","0.39","Not applicable","Not applicable","Not applicable","Not applicable"
"Montenegro","2014","EUR","1.30","2.96","1.74","Not available","Not available","Not available","Not available"
"Montenegro","2012","EUR","1.00","2.18","1.23","Not available","Not available","Not available","Not available"
"Montenegro","2010","EUR","0.65","1.43","0.85","Not applicable","Not applicable","Not applicable","Not applicable"
"Montenegro","2008","EUR","0.50","1.12","0.70","Not applicable","Not applicable","Not applicable","Not applicable"
"Morocco","2014","MAD","19.50","3.92","2.34","MAD","23.94","4.81","2.87"
"Morocco","2012","MAD","17.50","3.51","1.96","MAD","20.33","4.08","2.27"
"Morocco","2010","MAD","17.50","3.44","2.06","Not applicable","Not applicable","Not applicable","Not applicable"
"Morocco","2008","MAD","17.50","3.49","2.16","Not applicable","Not applicable","Not applicable","Not applicable"
"Mozambique","2014","MZN","30.00","1.76","0.98","Not available","Not available","Not available","Not available"
"Mozambique","2012","MZN","25.00","1.51","0.88","Not available","Not available","Not available","Not available"
"Mozambique","2010","MZN","20.00","1.38","0.54","Not applicable","Not applicable","Not applicable","Not applicable"
"Mozambique","2008","MZN","15.00","1.15","0.60","Not applicable","Not applicable","Not applicable","Not applicable"
"Myanmar","2014","MMK","650.00","1.28","0.67","Not available","Not available","Not available","Not available"
"Myanmar","2012","MMK","650.00","1.29","0.74","Not available","Not available","Not available","Not available"
"Myanmar","2010","MMK","650.00","1.37","Not available","Not applicable","Not applicable","Not applicable","Not applicable"
"Myanmar","2008","MMK","1050.00","2.47","Not available","Not applicable","Not applicable","Not applicable","Not applicable"
"Namibia","2014","NAD","40.00","5.74","3.74","Not available","Not available","Not available","Not available"
"Namibia","2012","NAD","29.49","4.93","3.61","Not available","Not available","Not available","Not available"
"Namibia","2010","NAD","26.95","4.42","3.67","Not applicable","Not applicable","Not applicable","Not applicable"
"Namibia","2008","NAD","23.00","4.30","2.47","Not applicable","Not applicable","Not applicable","Not applicable"
"Nauru","2014",". . .","Not available","Not available","Not available","Not available","Not available","Not available","Not available"
"Nauru","2012",". . .","Not available","Not available","Not available","Not available","Not available","Not available","Not available"
"Nauru","2010","AUD","4.96","Not available","4.46","Not applicable","Not applicable","Not applicable","Not applicable"
"Nauru","2008","AUD","4.40","Not available","3.05","Not applicable","Not applicable","Not applicable","Not applicable"
"Nepal","2014","NPR","132.00","3.02","1.37","NPR","75.58","1.73","0.79"
"Nepal","2012","NPR","95.00","2.51","1.07","NPR","67.64","1.78","0.76"
"Nepal","2010","NPR","85.00","2.65","1.14","Not applicable","Not applicable","Not applicable","Not applicable"
"Nepal","2008","NPR","65.00","2.55","0.84","Not applicable","Not applicable","Not applicable","Not applicable"
"Netherlands","2014","EUR","6.32","7.40","8.46","EUR","6.17","7.22","8.25"
"Netherlands","2012","EUR","5.68","6.61","7.01","EUR","5.30","6.17","6.55"
"Netherlands","2010","EUR","5.05","5.80","6.58","Not applicable","Not applicable","Not applicable","Not applicable"
"Netherlands","2008","EUR","4.74","5.40","6.60","Not applicable","Not applicable","Not applicable","Not applicable"
"New Zealand","2014","NZD","17.00","10.22","14.43","NZD","17.66","10.61","14.98"
"New Zealand","2012","NZD","14.50","8.41","11.69","NZD","14.71","8.53","11.86"
"New Zealand","2010","NZD","10.00","6.15","7.24","Not applicable","Not applicable","Not applicable","Not applicable"
"New Zealand","2008","NZD","10.00","6.33","5.78","Not applicable","Not applicable","Not applicable","Not applicable"
"Nicaragua","2014","NIO","39.00","3.70","1.50","Not available","Not available","Not available","Not available"
"Nicaragua","2012","NIO","28.00","3.06","1.18","NIO","25.93","2.84","1.10"
"Nicaragua","2010","NIO","27.95","3.55","1.30","Not applicable","Not applicable","Not applicable","Not applicable"
"Nicaragua","2008","NIO","21.00","2.90","1.06","Not applicable","Not applicable","Not applicable","Not applicable"
"Niger","2014","XOF","500.00","1.86","1.02","Not available","Not available","Not available","Not available"
"Niger","2012","XOF","400.00","1.59","0.75","Not available","Not available","Not available","Not available"
"Niger","2010","XOF","400.00","1.57","0.79","Not applicable","Not applicable","Not applicable","Not applicable"
"Niger","2008","XOF","400.00","1.69","0.85","Not applicable","Not applicable","Not applicable","Not applicable"
"Nigeria","2014","NGN","265.00","2.74","1.71","Not available","Not available","Not available","Not available"
"Nigeria","2012","NGN","220.00","2.26","1.40","NGN","170.24","1.75","1.08"
"Nigeria","2010","NGN","220.00","2.66","1.49","Not applicable","Not applicable","Not applicable","Not applicable"
"Nigeria","2008","NGN","180.00","2.35","1.36","Not applicable","Not applicable","Not applicable","Not applicable"
"Niue","2014","NZD","12.00","Not available","10.18","Not available","Not available","Not available","Not available"
"Niue","2012","NZD","12.00","Not available","9.68","Not available","Not available","Not available","Not available"
"Niue","2010","NZD","10.00","Not available","7.24","Not applicable","Not applicable","Not applicable","Not applicable"
"Niue","2008","NZD","8.00","Not available","4.63","Not applicable","Not applicable","Not applicable","Not applicable"
"Norway","2014","NOK","97.90","8.99","15.59","NOK","101.33","9.31","16.14"
"Norway","2012","NOK","87.50","8.33","14.49","NOK","87.50","8.33","14.49"
"Norway","2010","NOK","81.00","8.19","13.30","Not applicable","Not applicable","Not applicable","Not applicable"
"Norway","2008","NOK","71.00","7.14","10.14","Not applicable","Not applicable","Not applicable","Not applicable"
"Oman","2014","OMR","0.90","2.84","2.34","OMR","0.91","2.86","2.36"
"Oman","2012","OMR","0.90","2.58","2.37","OMR","0.91","2.60","2.38"
"Oman","2010","OMR","0.65","2.45","1.69","Not applicable","Not applicable","Not applicable","Not applicable"
"Oman","2008","OMR","0.60","1.83","1.56","Not applicable","Not applicable","Not applicable","Not applicable"
"Pakistan","2014","PKR","47.00","1.10","0.48","PKR","47.00","1.10","0.48"
"Pakistan","2012","PKR","33.00","0.81","0.35","PKR","39.59","0.97","0.42"
"Pakistan","2010","PKR","28.10","0.89","0.33","Not applicable","Not applicable","Not applicable","Not applicable"
"Pakistan","2008","PKR","18.40","0.76","0.23","Not applicable","Not applicable","Not applicable","Not applicable"
"Palau","2014","USD","5.25","8.69","5.25","Not available","Not available","Not available","Not available"
"Palau","2012","USD","3.50","6.17","3.50","Not available","Not available","Not available","Not available"
"Palau","2010","USD","3.50","Not available","3.50","Not applicable","Not applicable","Not applicable","Not applicable"
"Palau","2008","USD","3.50","Not available","3.50","Not applicable","Not applicable","Not applicable","Not applicable"
"Panama","2014","PAB","4.25","6.40","4.25","PAB","4.27","6.44","4.27"
"Panama","2012","PAB","3.73","5.96","3.73","PAB","4.11","6.57","4.11"
"Panama","2010","USD","3.25","5.23","3.25","Not applicable","Not applicable","Not applicable","Not applicable"
"Panama","2008","USD","1.96","3.32","1.96","Not applicable","Not applicable","Not applicable","Not applicable"
"Papua New Guinea","2014","PGK","16.00","8.63","6.54","Not available","Not available","Not available","Not available"
"Papua New Guinea","2012","PGK","14.96","8.02","7.23","Not available","Not available","Not available","Not available"
"Papua New Guinea","2010",". . .","Not available","Not available","Not available","Not applicable","Not applicable","Not applicable","Not applicable"
"Papua New Guinea","2008","PGK","9.01","5.41","3.37","Not applicable","Not applicable","Not applicable","Not applicable"
"Paraguay","2014","PYG","1500.00","0.54","0.35","Not available","Not available","Not available","Not available"
"Paraguay","2012","PYG","1500.00","0.54","0.34","Not available","Not available","Not available","Not available"
"Paraguay","2010","PYG","1300.00","0.51","0.27","Not applicable","Not applicable","Not applicable","Not applicable"
"Paraguay","2008","PYG","1000.00","0.40","0.20","Not applicable","Not applicable","Not applicable","Not applicable"
"Peru","2014","PEN","6.20","3.81","2.22","PEN","6.03","3.70","2.15"
"Peru","2012","PEN","5.20","3.14","1.98","PEN","4.91","2.96","1.87"
"Peru","2010","PEN","4.50","2.87","1.59","Not applicable","Not applicable","Not applicable","Not applicable"
"Peru","2008","PEN","4.00","2.65","1.27","Not applicable","Not applicable","Not applicable","Not applicable"
"Philippines","2014","PHP","26.75","1.03","0.62","PHP","48.28","1.86","1.11"
"Philippines","2012","PHP","15.00","0.59","0.36","PHP","31.43","1.23","0.75"
"Philippines","2010","PHP","13.95","0.57","0.30","Not applicable","Not applicable","Not applicable","Not applicable"
"Philippines","2008","PHP","12.23","0.52","0.26","Not applicable","Not applicable","Not applicable","Not applicable"
"Poland","2014","PLN","13.70","6.87","4.41","PLN","12.88","6.45","4.14"
"Poland","2012","PLN","11.60","5.85","3.46","PLN","11.61","5.85","3.47"
"Poland","2010","PLN","7.95","4.09","2.59","Not applicable","Not applicable","Not applicable","Not applicable"
"Poland","2008","PLN","5.75","3.02","1.94","Not applicable","Not applicable","Not applicable","Not applicable"
"Portugal","2014","EUR","4.50","6.70","6.02","EUR","3.99","5.93","5.33"
"Portugal","2012","EUR","4.20","6.11","5.19","EUR","4.17","6.07","5.15"
"Portugal","2010","EUR","3.50","5.03","4.56","Not applicable","Not applicable","Not applicable","Not applicable"
"Portugal","2008","EUR","3.30","4.70","4.59","Not applicable","Not applicable","Not applicable","Not applicable"
"Qatar","2014","QAR","10.00","2.76","2.75","Not available","Not available","Not available","Not available"
"Qatar","2012","QAR","9.00","2.47","2.47","Not available","Not available","Not available","Not available"
"Qatar","2010","QAR","6.00","1.95","1.65","Not applicable","Not applicable","Not applicable","Not applicable"
"Qatar","2008","QAR","6.00","1.74","1.65","Not applicable","Not applicable","Not applicable","Not applicable"
"Republic of Korea","2014","KRW","2500.00","3.14","2.43","KRW","2584.71","3.24","2.51"
"Republic of Korea","2012","KRW","2500.00","3.10","2.21","KRW","2594.92","3.22","2.30"
"Republic of Korea","2010","KRW","2500.00","Not available","2.11","Not applicable","Not applicable","Not applicable","Not applicable"
"Republic of Korea","2008","KRW","2500.00","Not available","1.98","Not applicable","Not applicable","Not applicable","Not applicable"
"Republic of Moldova","2014","MDL","15.00","1.91","1.08","MDL","16.21","2.06","1.16"
"Republic of Moldova","2012","MDL","13.00","1.80","1.04","MDL","14.08","1.95","1.12"
"Republic of Moldova","2010","MDL","9.00","1.42","0.73","Not applicable","Not applicable","Not applicable","Not applicable"
"Republic of Moldova","2008","MDL","6.00","1.02","0.58","Not applicable","Not applicable","Not applicable","Not applicable"
"Romania","2014","RON","14.50","6.46","4.39","RON","13.81","6.16","4.18"
"Romania","2012","RON","13.50","6.11","3.63","RON","12.80","5.79","3.44"
"Romania","2010","RON","9.90","4.88","3.03","Not applicable","Not applicable","Not applicable","Not applicable"
"Romania","2008","RON","6.50","3.43","2.29","Not applicable","Not applicable","Not applicable","Not applicable"
"Russian Federation","2014","RUB","67.00","2.42","1.88","RUB","60.32","2.18","1.69"
"Russian Federation","2012","RUB","44.00","1.85","1.37","RUB","36.27","1.52","1.13"
"Russian Federation","2010","RUB","31.00","1.53","1.03","Not applicable","Not applicable","Not applicable","Not applicable"
"Russian Federation","2008","RUB","25.00","1.37","0.85","Not applicable","Not applicable","Not applicable","Not applicable"
"Rwanda","2014","RWF","650.00","2.12","0.95","RWF","617.89","2.01","0.90"
"Rwanda","2012","RWF","600.00","2.08","0.98","Not available","Not available","Not available","Not available"
"Rwanda","2010","RWF","500.00","1.80","0.85","Not applicable","Not applicable","Not applicable","Not applicable"
"Rwanda","2008","RWF","500.00","2.10","0.89","Not applicable","Not applicable","Not applicable","Not applicable"
"Saint Kitts and Nevis","2014","XCD","8.00","3.55","2.96","Not available","Not available","Not available","Not available"
"Saint Kitts and Nevis","2012","XCD","7.75","3.48","2.87","XCD","7.83","3.52","2.90"
"Saint Kitts and Nevis","2010","XCD","6.50","3.06","2.41","Not applicable","Not applicable","Not applicable","Not applicable"
"Saint Kitts and Nevis","2008","XCD","5.00","2.45","1.85","Not applicable","Not applicable","Not applicable","Not applicable"
"Saint Lucia","2014","XCD","7.25","4.40","2.69","Not available","Not available","Not available","Not available"
"Saint Lucia","2012","XCD","8.75","5.39","3.24","Not available","Not available","Not available","Not available"
"Saint Lucia","2010","XCD","6.50","4.28","2.41","Not applicable","Not applicable","Not applicable","Not applicable"
"Saint Lucia","2008","XCD","6.50","4.40","2.41","Not applicable","Not applicable","Not applicable","Not applicable"
"Saint Vincent and the Grenadines","2014","XCD","5.00","3.44","1.85","Not available","Not available","Not available","Not available"
"Saint Vincent and the Grenadines","2012","XCD","6.00","3.97","2.22","Not available","Not available","Not available","Not available"
"Saint Vincent and the Grenadines","2010","XCD","5.40","3.78","2.00","Not applicable","Not applicable","Not applicable","Not applicable"
"Saint Vincent and the Grenadines","2008","XCD","5.40","3.78","2.00","Not applicable","Not applicable","Not applicable","Not applicable"
"Samoa","2014","WST","9.50","7.05","4.13","Not available","Not available","Not available","Not available"
"Samoa","2012","WST","8.60","5.87","3.76","WST","8.74","5.96","3.81"
"Samoa","2010","WST","8.00","5.51","3.22","Not applicable","Not applicable","Not applicable","Not applicable"
"Samoa","2008","WST","7.80","5.79","2.69","Not applicable","Not applicable","Not applicable","Not applicable"
"San Marino","2014","EUR","4.50","4.68","6.02","Not available","Not available","Not available","Not available"
"San Marino","2012","EUR","4.40","4.44","5.43","Not available","Not available","Not available","Not available"
"San Marino","2010","EUR","4.00","Not available","5.21","Not applicable","Not applicable","Not applicable","Not applicable"
"San Marino","2008",". . .","Not available","Not available","Not available","Not applicable","Not applicable","Not applicable","Not applicable"
"Sao Tome and Principe","2014","STD","20000.00","1.39","1.09","Not available","Not available","Not available","Not available"
"Sao Tome and Principe","2012","STD","20000.00","1.60","1.00","Not available","Not available","Not available","Not available"
"Sao Tome and Principe","2010","STD","20000.00","1.68","1.06","Not applicable","Not applicable","Not applicable","Not applicable"
"Sao Tome and Principe","2008","STD","20000.00","2.24","1.31","Not applicable","Not applicable","Not applicable","Not applicable"
"Saudi Arabia","2014","SAR","10.00","3.42","2.67","Not available","Not available","Not available","Not available"
"Saudi Arabia","2012","SAR","9.00","2.70","2.40","SAR","8.75","2.63","2.33"
"Saudi Arabia","2010","SAR","7.00","2.67","1.87","Not applicable","Not applicable","Not applicable","Not applicable"
"Saudi Arabia","2008","SAR","6.00","1.97","1.60","Not applicable","Not applicable","Not applicable","Not applicable"
"Senegal","2014","XOF","400.00","1.47","0.82","XOF","521.71","1.91","1.06"
"Senegal","2012","XOF","400.00","1.46","0.75","XOF","440.57","1.61","0.83"
"Senegal","2010","XOF","400.00","1.50","0.79","Not applicable","Not applicable","Not applicable","Not applicable"
"Senegal","2008","XOF","400.00","1.48","0.85","Not applicable","Not applicable","Not applicable","Not applicable"
"Serbia","2014","RSD","170.00","3.72","1.95","RSD","204.72","4.48","2.35"
"Serbia","2012","RSD","110.00","2.54","1.15","RSD","140.67","3.25","1.47"
"Serbia","2010","RSD","75.00","1.93","0.92","Not applicable","Not applicable","Not applicable","Not applicable"
"Serbia","2008","RSD","70.00","2.05","1.11","Not applicable","Not applicable","Not applicable","Not applicable"
"Seychelles","2014","SCR","75.00","10.64","6.09","Not available","Not available","Not available","Not available"
"Seychelles","2012","SCR","75.00","12.98","5.36","Not available","Not available","Not available","Not available"
"Seychelles","2010","SCR","74.00","14.06","5.95","Not applicable","Not applicable","Not applicable","Not applicable"
"Seychelles","2008","SCR","66.00","15.13","3.98","Not applicable","Not applicable","Not applicable","Not applicable"
"Sierra Leone","2014","SLL","3500.00","1.51","0.78","SLL","3672.84","1.58","0.82"
"Sierra Leone","2012","SLL","2400.00","1.16","0.55","Not available","Not available","Not available","Not available"
"Sierra Leone","2010","SLL","1600.00","0.99","0.41","Not applicable","Not applicable","Not applicable","Not applicable"
"Sierra Leone","2008","SLL","1600.00","1.17","0.53","Not applicable","Not applicable","Not applicable","Not applicable"
"Singapore","2014","SGD","13.00","12.31","10.44","SGD","11.66","11.04","9.36"
"Singapore","2012","SGD","11.90","11.39","9.52","SGD","11.05","10.58","8.84"
"Singapore","2010","SGD","11.60","11.30","8.52","Not applicable","Not applicable","Not applicable","Not applicable"
"Singapore","2008","SGD","11.60","10.70","8.06","Not applicable","Not applicable","Not applicable","Not applicable"
"Slovakia","2014","EUR","2.84","5.28","3.80","EUR","2.66","4.95","3.56"
"Slovakia","2012","EUR","2.74","5.02","3.38","EUR","2.54","4.66","3.14"
"Slovakia","2010","EUR","2.42","4.38","3.15","Not applicable","Not applicable","Not applicable","Not applicable"
"Slovakia","2008","EUR","2.10","3.73","2.92","Not applicable","Not applicable","Not applicable","Not applicable"
"Slovenia","2014","EUR","3.45","5.66","4.62","EUR","3.56","5.84","4.76"
"Slovenia","2012","EUR","2.90","4.72","3.58","EUR","3.03","4.93","3.74"
"Slovenia","2010","EUR","2.50","3.96","3.26","Not applicable","Not applicable","Not applicable","Not applicable"
"Slovenia","2008","EUR","2.20","3.53","3.06","Not applicable","Not applicable","Not applicable","Not applicable"
"Solomon Islands","2014","SBD","30.08","7.01","4.13","Not available","Not available","Not available","Not available"
"Solomon Islands","2012","SBD","24.00","6.12","3.26","Not available","Not available","Not available","Not available"
"Solomon Islands","2010",". . .","Not available","Not available","Not available","Not applicable","Not applicable","Not applicable","Not applicable"
"Solomon Islands","2008",". . .","Not available","Not available","Not available","Not applicable","Not applicable","Not applicable","Not applicable"
"Somalia","2014",". . .","Not available","Not available","Not available","Not available","Not available","Not available","Not available"
"Somalia","2012","SOS","13000.00","Not available","0.53","Not available","Not available","Not available","Not available"
"Somalia","2010","USD","0.30","Not available","0.30","Not applicable","Not applicable","Not applicable","Not applicable"
"Somalia","2008","USD","0.30","Not available","0.30","Not applicable","Not applicable","Not applicable","Not applicable"
"South Africa","2014","ZAR","31.76","5.36","2.97","ZAR","32.47","5.48","3.03"
"South Africa","2012","ZAR","30.90","5.45","3.78","ZAR","29.26","5.16","3.58"
"South Africa","2010","ZAR","21.99","4.31","3.00","Not applicable","Not applicable","Not applicable","Not applicable"
"South Africa","2008","ZAR","18.99","4.23","2.04","Not applicable","Not applicable","Not applicable","Not applicable"
"South Sudan","2014",". . .","Not available","Not available","Not available","Not available","Not available","Not available","Not available"
"South Sudan","2012",". . .","Not available","Not available","Not available","Not available","Not available","Not available","Not available"
"South Sudan","2010","--","Not applicable","Not applicable","Not applicable","Not applicable","Not applicable","Not applicable","Not applicable"
"South Sudan","2008","--","Not applicable","Not applicable","Not applicable","Not applicable","Not applicable","Not applicable","Not applicable"
"Spain","2014","EUR","4.95","6.82","6.62","EUR","4.64","6.39","6.21"
"Spain","2012","EUR","4.50","5.95","5.56","EUR","4.27","5.65","5.27"
"Spain","2010","EUR","3.40","4.41","4.43","Not applicable","Not applicable","Not applicable","Not applicable"
"Spain","2008","EUR","2.50","3.21","3.48","Not applicable","Not applicable","Not applicable","Not applicable"
"Sri Lanka","2014","LKR","600.00","9.24","4.61","LKR","546.82","8.42","4.20"
"Sri Lanka","2012","LKR","500.00","8.43","3.79","LKR","452.40","7.63","3.43"
"Sri Lanka","2010","LKR","380.00","7.20","3.38","Not applicable","Not applicable","Not applicable","Not applicable"
"Sri Lanka","2008","LKR","320.00","6.70","2.83","Not applicable","Not applicable","Not applicable","Not applicable"
"Sudan","2014","SDG","14.00","3.35","2.46","Not available","Not available","Not available","Not available"
"Sudan","2012","SDG","8.00","3.31","1.82","Not available","Not available","Not available","Not available"
"Sudan","2010","SDG","6.00","3.88","2.53","Not applicable","Not applicable","Not applicable","Not applicable"
"Sudan","2008","SDG","4.00","2.91","1.95","Not applicable","Not applicable","Not applicable","Not applicable"
"Suriname","2014","SRD","9.00","3.88","2.73","Not available","Not available","Not available","Not available"
"Suriname","2012","SRD","8.50","3.23","2.58","Not available","Not available","Not available","Not available"
"Suriname","2010","SRD","6.00","3.05","2.19","Not applicable","Not applicable","Not applicable","Not applicable"
"Suriname","2008","SRD","5.00","2.59","1.82","Not applicable","Not applicable","Not applicable","Not applicable"
"Sweden","2014","SEK","58.95","6.50","8.55","SEK","58.95","6.50","8.55"
"Sweden","2012","SEK","53.00","5.60","7.79","SEK","53.00","5.60","7.79"
"Sweden","2010","SEK","50.00","5.39","6.91","Not applicable","Not applicable","Not applicable","Not applicable"
"Sweden","2008","SEK","49.00","5.32","6.27","Not applicable","Not applicable","Not applicable","Not applicable"
"Switzerland","2014","CHF","8.40","5.21","9.24","CHF","8.20","5.08","9.02"
"Switzerland","2012","CHF","7.90","4.81","8.06","CHF","7.54","4.59","7.70"
"Switzerland","2010","CHF","7.20","4.22","6.93","Not applicable","Not applicable","Not applicable","Not applicable"
"Switzerland","2008","CHF","6.60","3.84","6.20","Not applicable","Not applicable","Not applicable","Not applicable"
"Syrian Arab Republic","2014",". . .","Not available","Not available","Not available","Not available","Not available","Not available","Not available"
"Syrian Arab Republic","2012","SYP","60.00","Not available","0.89","Not available","Not available","Not available","Not available"
"Syrian Arab Republic","2010","SYP","30.00","1.14","0.64","Not applicable","Not applicable","Not applicable","Not applicable"
"Syrian Arab Republic","2008","SYP","30.00","1.12","0.62","Not applicable","Not applicable","Not applicable","Not applicable"
"Tajikistan","2014","TJS","5.00","2.26","1.01","Not available","Not available","Not available","Not available"
"Tajikistan","2012","TJS","3.00","1.46","0.63","Not available","Not available","Not available","Not available"
"Tajikistan","2010","TJS","3.00","1.74","0.68","Not applicable","Not applicable","Not applicable","Not applicable"
"Tajikistan","2008",". . .","Not available","Not available","Not available","Not applicable","Not applicable","Not applicable","Not applicable"
"Thailand","2014","THB","65.00","3.66","2.03","THB","60.43","3.41","1.89"
"Thailand","2012","THB","58.00","3.26","1.84","THB","52.32","2.94","1.66"
"Thailand","2010","THB","58.00","3.38","1.80","Not applicable","Not applicable","Not applicable","Not applicable"
"Thailand","2008","THB","45.00","2.71","1.29","Not applicable","Not applicable","Not applicable","Not applicable"
"Republic of North Macedonia","2014","MKD","60.00","2.85","1.31","MKD","64.22","3.05","1.40"
"Republic of North Macedonia","2012","MKD","54.74","2.57","1.09","MKD","59.89","2.81","1.19"
"Republic of North Macedonia","2010","MKD","52.63","2.36","1.11","Not applicable","Not applicable","Not applicable","Not applicable"
"Republic of North Macedonia","2008","MKD","52.63","2.42","1.21","Not applicable","Not applicable","Not applicable","Not applicable"
"Timor-Leste","2014","USD","1.25","6.25","1.25","Not available","Not available","Not available","Not available"
"Timor-Leste","2012","USD","1.25","3.25","1.25","Not available","Not available","Not available","Not available"
"Timor-Leste","2010","USD","1.25","Not available","Not available","Not applicable","Not applicable","Not applicable","Not applicable"
"Timor-Leste","2008","USD","1.00","Not available","Not available","Not applicable","Not applicable","Not applicable","Not applicable"
"Togo","2014","XOF","400.00","1.36","0.82","Not available","Not available","Not available","Not available"
"Togo","2012","XOF","400.00","1.49","0.75","Not available","Not available","Not available","Not available"
"Togo","2010","XOF","380.00","1.44","0.75","Not applicable","Not applicable","Not applicable","Not applicable"
"Togo","2008","XOF","350.00","1.35","0.74","Not applicable","Not applicable","Not applicable","Not applicable"
"Tonga","2014","TOP","8.50","8.30","4.68","Not available","Not available","Not available","Not available"
"Tonga","2012","TOP","8.00","7.57","4.60","TOP","8.06","7.63","4.63"
"Tonga","2010","TOP","7.30","7.43","3.79","Not applicable","Not applicable","Not applicable","Not applicable"
"Tonga","2008","TOP","7.30","7.90","3.42","Not applicable","Not applicable","Not applicable","Not applicable"
"Trinidad and Tobago","2014","TTD","23.00","3.51","3.60","Not available","Not available","Not available","Not available"
"Trinidad and Tobago","2012","TTD","19.50","3.40","3.05","Not available","Not available","Not available","Not available"
"Trinidad and Tobago","2010","TTD","16.00","3.13","2.51","Not applicable","Not applicable","Not applicable","Not applicable"
"Trinidad and Tobago","2008","TTD","14.00","2.17","2.22","Not applicable","Not applicable","Not applicable","Not applicable"
"Tunisia","2014","TND","2.55","3.47","1.48","TND","2.40","3.26","1.39"
"Tunisia","2012","TND","2.25","3.31","1.39","TND","1.92","2.82","1.19"
"Tunisia","2010","TND","1.90","2.92","1.30","Not applicable","Not applicable","Not applicable","Not applicable"
"Tunisia","2008","TND","1.70","2.82","1.30","Not applicable","Not applicable","Not applicable","Not applicable"
"Turkey","2014","TRY","8.00","5.61","3.82","TRY","8.02","5.63","3.83"
"Turkey","2012","TRY","6.50","4.89","3.63","TRY","6.54","4.92","3.65"
"Turkey","2010","TRY","4.50","3.88","2.98","Not applicable","Not applicable","Not applicable","Not applicable"
"Turkey","2008","TRY","3.00","2.88","1.97","Not applicable","Not applicable","Not applicable","Not applicable"
"Turkmenistan","2014","TMT","11.65","5.25","4.09","Not available","Not available","Not available","Not available"
"Turkmenistan","2012","TMT","9.00","4.96","3.16","Not available","Not available","Not available","Not available"
"Turkmenistan","2010","TMT","3.40","2.15","1.19","Not applicable","Not applicable","Not applicable","Not applicable"
"Turkmenistan","2008","TMM","11000.00","Not available","2.12","Not applicable","Not applicable","Not applicable","Not applicable"
"Tuvalu","2014","AUD","2.50","2.50","2.33","Not available","Not available","Not available","Not available"
"Tuvalu","2012","AUD","6.00","6.47","6.32","Not available","Not available","Not available","Not available"
"Tuvalu","2010","AUD","6.00","Not available","5.39","Not applicable","Not applicable","Not applicable","Not applicable"
"Tuvalu","2008","AUD","4.50","Not available","3.12","Not applicable","Not applicable","Not applicable","Not applicable"
"Uganda","2014","UGX","2000.00","1.73","0.76","UGX","2336.94","2.03","0.89"
"Uganda","2012","UGX","2000.00","1.96","0.81","UGX","1823.04","1.79","0.74"
"Uganda","2010","UGX","1500.00","1.84","0.66","Not applicable","Not applicable","Not applicable","Not applicable"
"Uganda","2008","UGX","1000.00","1.50","0.51","Not applicable","Not applicable","Not applicable","Not applicable"
"Ukraine","2014","UAH","9.00","2.09","0.74","UAH","9.56","2.22","0.79"
"Ukraine","2012","UAH","7.50","1.75","0.94","UAH","7.55","1.76","0.94"
"Ukraine","2010","UAH","5.50","1.54","0.70","Not applicable","Not applicable","Not applicable","Not applicable"
"Ukraine","2008","UAH","2.50","0.89","0.32","Not applicable","Not applicable","Not applicable","Not applicable"
"United Arab Emirates","2014","AED","10.00","1.90","2.72","AED","9.58","1.82","2.61"
"United Arab Emirates","2012","AED","8.00","1.51","2.18","AED","8.18","1.55","2.23"
"United Arab Emirates","2010","AED","7.00","1.49","1.91","Not applicable","Not applicable","Not applicable","Not applicable"
"United Arab Emirates","2008","AED","6.50","1.28","1.77","Not applicable","Not applicable","Not applicable","Not applicable"
"United Kingdom of Great Britain and Northern Ireland","2014","GBP","7.52","11.01","12.70","GBP","7.65","11.20","12.92"
"United Kingdom of Great Britain and Northern Ireland","2012","GBP","6.60","9.79","10.31","GBP","7.27","10.78","11.36"
"United Kingdom of Great Britain and Northern Ireland","2010","GBP","6.29","9.36","9.80","Not applicable","Not applicable","Not applicable","Not applicable"
"United Kingdom of Great Britain and Northern Ireland","2008","GBP","5.67","8.68","8.27","Not applicable","Not applicable","Not applicable","Not applicable"
"United Republic of Tanzania","2014","TZS","3700.00","5.41","2.24","Not available","Not available","Not available","Not available"
"United Republic of Tanzania","2012","TZS","2500.00","4.28","1.59","Not available","Not available","Not available","Not available"
"United Republic of Tanzania","2010","TZS","2500.00","4.89","1.81","Not applicable","Not applicable","Not applicable","Not applicable"
"United Republic of Tanzania","2008","TZS","1400.00","3.04","1.09","Not applicable","Not applicable","Not applicable","Not applicable"
"United States of America","2014","USD","6.23","6.23","6.23","USD","6.07","6.07","6.07"
"United States of America","2012","USD","6.07","6.07","6.07","USD","6.07","6.07","6.07"
"United States of America","2010","USD","5.72","5.72","5.72","Not applicable","Not applicable","Not applicable","Not applicable"
"United States of America","2008","USD","4.58","4.58","4.58","Not applicable","Not applicable","Not applicable","Not applicable"
"Uruguay","2014","UYU","78.00","3.62","3.35","UYU","79.85","3.71","3.43"
"Uruguay","2012","UYU","75.00","4.00","3.48","UYU","74.56","3.98","3.46"
"Uruguay","2010","UYU","70.00","4.09","3.32","Not applicable","Not applicable","Not applicable","Not applicable"
"Uruguay","2008","UYU","45.00","2.92","1.85","Not applicable","Not applicable","Not applicable","Not applicable"
"Uzbekistan","2014","UZS","2200.00","1.92","0.94","UZS","2652.50","2.31","1.14"
"Uzbekistan","2012","UZS","1700.00","1.80","0.89","UZS","1548.77","1.64","0.82"
"Uzbekistan","2010","UZS","1100.00","1.57","0.69","Not applicable","Not applicable","Not applicable","Not applicable"
"Uzbekistan","2008","UZS","700.00","1.33","0.50","Not applicable","Not applicable","Not applicable","Not applicable"
"Vanuatu","2014","VUV","720.00","11.90","7.56","Not available","Not available","Not available","Not available"
"Vanuatu","2012","VUV","700.00","12.01","7.58","Not available","Not available","Not available","Not available"
"Vanuatu","2010","VUV","653.00","10.69","6.56","Not applicable","Not applicable","Not applicable","Not applicable"
"Vanuatu","2008","VUV","640.00","11.13","5.68","Not applicable","Not applicable","Not applicable","Not applicable"
"Venezuela (Bolivarian Republic of)","2014","VEF","90.00","Not available","Not available","Not available","Not available","Not available","Not available"
"Venezuela (Bolivarian Republic of)","2012","VEF","30.00","Not available","Not available","VEF","27.67","5.95","6.45"
"Venezuela (Bolivarian Republic of)","2010","VEF","16.00","5.64","6.17","Not applicable","Not applicable","Not applicable","Not applicable"
"Venezuela (Bolivarian Republic of)","2008","VEF","8.50","4.55","3.96","Not applicable","Not applicable","Not applicable","Not applicable"
"Viet Nam","2014","VND","18730.00","1.80","0.88","VND","21574.29","2.07","1.02"
"Viet Nam","2012","VND","15000.00","1.65","0.72","VND","22687.19","2.49","1.09"
"Viet Nam","2010","VND","14000.00","1.99","0.75","Not applicable","Not applicable","Not applicable","Not applicable"
"Viet Nam","2008","VND","11000.00","1.79","0.65","Not applicable","Not applicable","Not applicable","Not applicable"
"Yemen","2014","YER","280.00","1.91","1.30","YER","284.22","1.94","1.32"
"Yemen","2012","YER","250.00","1.80","1.17","YER","237.46","1.71","1.11"
"Yemen","2010","YER","180.00","1.67","0.75","Not applicable","Not applicable","Not applicable","Not applicable"
"Yemen","2008","YER","150.00","1.55","0.75","Not applicable","Not applicable","Not applicable","Not applicable"
"Zambia","2014","ZMW","9.00","1.80","1.47","ZMW","9.05","1.81","1.48"
"Zambia","2012","ZMK","8000.00","1.81","1.61","ZMK","7399.46","1.68","1.49"
"Zambia","2010","ZMK","8000.00","2.09","1.64","Not applicable","Not applicable","Not applicable","Not applicable"
"Zambia","2008","ZMK","5500.00","1.72","1.14","Not applicable","Not applicable","Not applicable","Not applicable"
"Zimbabwe","2014","USD","1.30","1.05","1.30","USD","1.33","1.07","1.33"
"Zimbabwe","2012","USD","1.00","0.64","1.00","USD","1.04","0.67","1.04"
"Zimbabwe","2010","USD","0.50","0.42","0.50","Not applicable","Not applicable","Not applicable","Not applicable"
"Zimbabwe","2008","USD","0.40","0.40","0.40","Not applicable","Not applicable","Not applicable","Not applicable"
