"Country","Year","Ban on advertising: National TV and radio","Ban on advertising: International TV and radio (broadcast from abroad, including satellite)","Ban on advertising: Local magazines and newspapers","Ban on advertising: International magazines and newspapers","Ban on advertising: Billboards and outdoor advertising","Ban on advertising: Point of sale","Ban on advertising: Internet"
"Afghanistan"," 2014","Yes","No","Yes","No","No","No","No"
"Afghanistan"," 2012","Yes","No","Yes","No","No","No","No"
"Afghanistan"," 2010","Yes","No","Yes","No","No","No","No"
"Afghanistan"," 2007","Yes","No","Yes","No","No","No","No"
"Albania"," 2014","Yes","Yes","Yes","Yes","Yes","Yes","No"
"Albania"," 2012","Yes","Yes","Yes","Yes","Yes","Yes","No"
"Albania"," 2010","Yes","Yes","Yes","Yes","Yes","Yes","No"
"Albania"," 2007","Yes","Yes","Yes","Yes","Yes","Yes","No"
"Algeria"," 2014","Yes","Yes","Yes","Yes","Yes","No","No"
"Algeria"," 2012","Yes","Yes","Yes","Yes","Yes","No","No"
"Algeria"," 2010","Yes","Yes","Yes","Yes","Yes","No","No"
"Algeria"," 2007","Yes","Yes","Yes","Yes","Yes","No","No"
"Andorra"," 2014","No","No","No","No","No","No","No"
"Andorra"," 2012","No","No","No","No","No","No","No"
"Andorra"," 2010","No","No","No","No","No","No","No"
"Andorra"," 2007","No","No","No","No","No","No","No"
"Angola"," 2014","No","No","No","No","No","No","No"
"Angola"," 2012","No","No","No","No","No","No","No"
"Angola"," 2010","No","No","No","No","No","No","No"
"Angola"," 2007","No","No","No","No","No","No","No"
"Antigua and Barbuda"," 2014","No","No","No","No","No","No","No"
"Antigua and Barbuda"," 2012","No","No","No","No","No","No","No"
"Antigua and Barbuda"," 2010","No","No","No","No","No","No","No"
"Antigua and Barbuda"," 2007","No","No","No","No","No","No","No"
"Argentina"," 2014","Yes","Yes","Yes","Yes","Yes","No","Yes"
"Argentina"," 2012","Yes","Yes","Yes","Yes","Yes","No","Yes"
"Argentina"," 2010","No","No","No","No","No","No","No"
"Argentina"," 2007","No","No","No","No","No","No","No"
"Armenia"," 2014","Yes","Yes","No","No","Yes","No","Yes"
"Armenia"," 2012","Yes","Yes","No","No","Yes","No","Yes"
"Armenia"," 2010","Yes","Yes","No","No","Yes","No","Yes"
"Armenia"," 2007","Yes","Yes","No","No","Yes","No","Yes"
"Australia"," 2014","Yes","Yes","Yes","No","Yes","No","Yes"
"Australia"," 2012","Yes","Yes","Yes","No","Yes","No","Yes"
"Australia"," 2010","Yes","Yes","Yes","No","Yes","No","No"
"Australia"," 2007","Yes","Yes","Yes","No","Yes","No","No"
"Austria"," 2014","Yes","Yes","Yes","Yes","Yes","No","Yes"
"Austria"," 2012","Yes","Yes","Yes","Yes","Yes","No","Yes"
"Austria"," 2010","Yes","Yes","Yes","Yes","Yes","No","Yes"
"Austria"," 2007","Yes","Yes","Yes","Yes","Yes","No","Yes"
"Azerbaijan"," 2014","Yes","Yes","Yes","Yes","Yes","Yes","Yes"
"Azerbaijan"," 2012","Yes","Yes","Yes","Yes","Yes","Yes","Yes"
"Azerbaijan"," 2010","Yes","Yes","Yes","Yes","Yes","Yes","Yes"
"Azerbaijan"," 2007","Yes","Yes","Yes","Yes","Yes","Yes","Yes"
"Bahamas"," 2014","Yes","Yes","No","No","No","No","No"
"Bahamas"," 2012","Yes","Yes","No","No","No","No","No"
"Bahamas"," 2010","Yes","Yes","No","No","No","No","No"
"Bahamas"," 2007","Yes","Yes","No","No","No","No","No"
"Bahrain"," 2014","Yes","Yes","Yes","Yes","Yes","Yes","Yes"
"Bahrain"," 2012","Yes","Yes","Yes","Yes","Yes","Yes","Yes"
"Bahrain"," 2010","Yes","No","Yes","No","Yes","Yes","Yes"
"Bahrain"," 2007","Yes","No","No","No","No","No","No"
"Bangladesh"," 2014","Yes","Yes","Yes","Yes","Yes","Yes","Yes"
"Bangladesh"," 2012","Yes","Yes","Yes","No","No","No","No"
"Bangladesh"," 2010","Yes","Yes","Yes","No","No","No","No"
"Bangladesh"," 2007","Yes","Yes","Yes","No","No","No","No"
"Barbados"," 2014","No","No","No","No","No","No","No"
"Barbados"," 2012","No","No","No","No","No","No","No"
"Barbados"," 2010","No","No","No","No","No","No","No"
"Barbados"," 2007","No","No","No","No","No","No","No"
"Belarus"," 2014","Yes","Yes","Yes","Yes","Yes","No","Yes"
"Belarus"," 2012","Yes","Yes","Yes","Yes","Yes","No","Yes"
"Belarus"," 2010","Yes","Yes","Yes","Yes","Yes","No","Yes"
"Belarus"," 2007","Yes","Yes","Yes","Yes","Yes","No","Yes"
"Belgium"," 2014","Yes","Yes","Yes","No","Yes","No","Yes"
"Belgium"," 2012","Yes","Yes","Yes","No","Yes","No","Yes"
"Belgium"," 2010","Yes","Yes","Yes","No","Yes","No","Yes"
"Belgium"," 2007","Yes","Yes","Yes","No","Yes","No","Yes"
"Belize"," 2014","No","No","No","No","No","No","No"
"Belize"," 2012","No","No","No","No","No","No","No"
"Belize"," 2010","No","No","No","No","No","No","No"
"Belize"," 2007","No","No","No","No","No","No","No"
"Benin"," 2014","Yes","Yes","Yes","No","Yes","No","No"
"Benin"," 2012","Yes","Yes","Yes","No","Yes","No","No"
"Benin"," 2010","Yes","Yes","Yes","No","Yes","No","No"
"Benin"," 2007","Yes","Yes","Yes","No","Yes","No","No"
"Bhutan"," 2014","Yes","Yes","Yes","Yes","Yes","Yes","Yes"
"Bhutan"," 2012","Yes","Yes","Yes","Yes","Yes","Yes","Yes"
"Bhutan"," 2010","Yes","Yes","Yes","Yes","Yes","Yes","Yes"
"Bhutan"," 2007","Yes","No","No","No","No","Yes","No"
"Bolivia (Plurinational State of)"," 2014","Yes","Yes","Yes","Yes","Yes","No","No"
"Bolivia (Plurinational State of)"," 2012","Yes","Yes","Yes","Yes","Yes","No","No"
"Bolivia (Plurinational State of)"," 2010","Yes","Yes","Yes","Yes","Yes","No","No"
"Bolivia (Plurinational State of)"," 2007","Yes","Yes","Yes","Yes","Yes","No","No"
"Bosnia and Herzegovina"," 2014","Yes","Yes","Yes","Yes","Yes","No","No"
"Bosnia and Herzegovina"," 2012","Yes","Yes","Yes","Yes","Yes","No","No"
"Bosnia and Herzegovina"," 2010","Yes","Yes","Yes","Yes","Yes","No","No"
"Bosnia and Herzegovina"," 2007","Yes","Yes","Yes","Yes","Yes","No","No"
"Botswana"," 2014","Yes","No","Yes","No","Yes","Yes","Yes"
"Botswana"," 2012","Yes","No","Yes","No","Yes","Yes","Yes"
"Botswana"," 2010","Yes","No","Yes","No","Yes","Yes","Yes"
"Botswana"," 2007","Yes","No","Yes","No","Yes","Yes","Yes"
"Brazil"," 2014","Yes","Yes","Yes","Yes","Yes","Yes","Yes"
"Brazil"," 2012","Yes","Yes","Yes","Yes","Yes","Yes","Yes"
"Brazil"," 2010","Yes","No","Yes","No","Yes","No","Yes"
"Brazil"," 2007","Yes","No","Yes","No","Yes","No","Yes"
"Brunei Darussalam"," 2014","Yes","Yes","Yes","No","Yes","Yes","No"
"Brunei Darussalam"," 2012","Yes","Yes","Yes","No","Yes","Yes","No"
"Brunei Darussalam"," 2010","Yes","Yes","Yes","No","Yes","Yes","No"
"Brunei Darussalam"," 2007","Yes","Yes","Yes","No","Yes","No","No"
"Bulgaria"," 2014","Yes","Yes","Yes","No","No","No","Yes"
"Bulgaria"," 2012","Yes","Yes","Yes","No","No","No","Yes"
"Bulgaria"," 2010","Yes","Yes","Yes","No","No","No","Yes"
"Bulgaria"," 2007","Yes","Yes","Yes","No","No","No","Yes"
"Burkina Faso"," 2014","Yes","Yes","Yes","Yes","Yes","No","Yes"
"Burkina Faso"," 2012","Yes","Yes","Yes","Yes","Yes","No","Yes"
"Burkina Faso"," 2010","Yes","Yes","Yes","Yes","Yes","No","Yes"
"Burkina Faso"," 2007","Yes","Yes","Yes","No","Yes","No","No"
"Burundi"," 2014","No","No","No","No","No","No","No"
"Burundi"," 2012","No","No","No","No","No","No","No"
"Burundi"," 2010","No","No","No","No","No","No","No"
"Burundi"," 2007","No","No","No","No","No","No","No"
"Cabo Verde"," 2014","Yes","No","No","No","No","No","No"
"Cabo Verde"," 2012","Yes","No","No","No","No","No","No"
"Cabo Verde"," 2010","Yes","No","No","No","No","No","No"
"Cabo Verde"," 2007","Yes","No","No","No","No","No","No"
"Cambodia"," 2014","Yes","Yes","Yes","Yes","Yes","No","Yes"
"Cambodia"," 2012","Yes","Yes","Yes","Yes","Yes","No","Yes"
"Cambodia"," 2010","No","No","No","No","No","No","No"
"Cambodia"," 2007","No","No","No","No","No","No","No"
"Cameroon"," 2014","Yes","Yes","Yes","Yes","Yes","No","No"
"Cameroon"," 2012","Yes","Yes","Yes","Yes","Yes","No","No"
"Cameroon"," 2010","Yes","Yes","Yes","Yes","Yes","No","No"
"Cameroon"," 2007","Yes","Yes","Yes","Yes","Yes","No","No"
"Canada"," 2014","Yes","No","Yes","No","Yes","No","Yes"
"Canada"," 2012","Yes","No","Yes","No","Yes","No","Yes"
"Canada"," 2010","Yes","No","Yes","No","Yes","No","Yes"
"Canada"," 2007","Yes","No","No","No","Yes","No","No"
"Central African Republic"," 2014","No","No","No","No","No","No","No"
"Central African Republic"," 2012","No","No","No","No","No","No","No"
"Central African Republic"," 2010","No","No","No","No","No","No","No"
"Central African Republic"," 2007","No","No","No","No","No","No","No"
"Chad"," 2014","Yes","Yes","Yes","Yes","Yes","Yes","No"
"Chad"," 2012","Yes","Yes","Yes","Yes","Yes","Yes","No"
"Chad"," 2010","Yes","Yes","Yes","Yes","Yes","Yes","No"
"Chad"," 2007","Yes","No","Yes","No","No","No","No"
"Chile"," 2014","Yes","Yes","Yes","Yes","Yes","Yes","Yes"
"Chile"," 2012","Yes","Yes","Yes","Yes","Yes","No","Yes"
"Chile"," 2010","Yes","Yes","Yes","Yes","Yes","No","Yes"
"Chile"," 2007","Yes","Yes","Yes","Yes","Yes","No","Yes"
"China"," 2014","Yes","Yes","Yes","Yes","No","No","No"
"China"," 2012","Yes","Yes","Yes","Yes","No","No","No"
"China"," 2010","Yes","Yes","Yes","Yes","No","No","No"
"China"," 2007","Yes","Yes","Yes","Yes","No","No","No"
"Colombia"," 2014","Yes","Yes","Yes","Yes","Yes","Yes","Yes"
"Colombia"," 2012","Yes","Yes","Yes","Yes","Yes","Yes","Yes"
"Colombia"," 2010","Yes","Yes","Yes","Yes","Yes","Yes","Yes"
"Colombia"," 2007","No","No","No","No","No","No","No"
"Comoros"," 2014","Yes","Yes","No","No","Yes","No","No"
"Comoros"," 2012","Yes","Yes","No","No","Yes","No","No"
"Comoros"," 2010","Yes","Yes","Yes","No","Yes","No","No"
"Comoros"," 2007","No","No","No","No","No","No","No"
"Congo"," 2014","Yes","Yes","Yes","Yes","Yes","No","No"
"Congo"," 2012","Yes","Yes","Yes","Yes","Yes","No","No"
"Congo"," 2010","Yes","Yes","Yes","Yes","Yes","No","No"
"Congo"," 2007","Yes","Yes","Yes","Yes","Yes","No","No"
"Cook Islands"," 2014","Yes","No","Yes","No","Yes","No","Yes"
"Cook Islands"," 2012","Yes","No","Yes","No","Yes","No","Yes"
"Cook Islands"," 2010","Yes","No","Yes","No","Yes","No","Yes"
"Cook Islands"," 2007","Yes","No","Yes","No","Yes","No","Yes"
"Costa Rica"," 2014","Yes","Yes","Yes","Yes","Yes","Yes","Yes"
"Costa Rica"," 2012","Yes","Yes","Yes","Yes","Yes","Yes","Yes"
"Costa Rica"," 2010","No","No","No","No","No","No","No"
"Costa Rica"," 2007","No","No","No","No","No","No","No"
"C么te d'Ivoire"," 2014","No","No","No","No","No","No","No"
"C么te d'Ivoire"," 2012","No","No","No","No","No","No","No"
"C么te d'Ivoire"," 2010","No","No","No","No","No","No","No"
"C么te d'Ivoire"," 2007","No","No","No","No","No","No","No"
"Croatia"," 2014","Yes","Yes","Yes","Yes","Yes","Yes","Yes"
"Croatia"," 2012","Yes","Yes","Yes","Yes","Yes","Yes","Yes"
"Croatia"," 2010","Yes","Yes","Yes","Yes","Yes","Yes","Yes"
"Croatia"," 2007","Yes","No","Yes","No","Yes","No","No"
"Cuba"," 2014","No","No","No","No","No","No","No"
"Cuba"," 2012","No","No","No","No","No","No","No"
"Cuba"," 2010","No","No","No","No","No","No","No"
"Cuba"," 2007","No","No","No","No","No","No","No"
"Cyprus"," 2014","Yes","Yes","Yes","No","Yes","Yes","Yes"
"Cyprus"," 2012","Yes","Yes","Yes","No","Yes","Yes","Yes"
"Cyprus"," 2010","Yes","Yes","Yes","No","Yes","Yes","Yes"
"Cyprus"," 2007","Yes","Yes","Yes","No","Yes","Yes","No"
"Czechia"," 2014","Yes","Yes","Yes","No","Yes","No","Yes"
"Czechia"," 2012","Yes","Yes","Yes","No","Yes","No","Yes"
"Czechia"," 2010","Yes","Yes","Yes","No","Yes","No","Yes"
"Czechia"," 2007","Yes","Yes","Yes","No","Yes","No","Yes"
"Democratic People's Republic of Korea"," 2014","No","No","No","No","No","No","No"
"Democratic People's Republic of Korea"," 2012","No","No","No","No","No","No","No"
"Democratic People's Republic of Korea"," 2010","No","No","No","No","No","No","No"
"Democratic People's Republic of Korea"," 2007","No","No","No","No","No","No","No"
"Democratic Republic of the Congo"," 2014","Yes","Yes","Yes","Yes","No","No","No"
"Democratic Republic of the Congo"," 2012","Yes","Yes","Yes","Yes","No","No","No"
"Democratic Republic of the Congo"," 2010","Yes","Yes","Yes","Yes","No","No","No"
"Democratic Republic of the Congo"," 2007","Yes","Yes","Yes","Yes","No","No","No"
"Denmark"," 2014","Yes","Yes","Yes","Yes","Yes","No","Yes"
"Denmark"," 2012","Yes","Yes","Yes","Yes","Yes","No","No"
"Denmark"," 2010","Yes","Yes","Yes","Yes","Yes","No","No"
"Denmark"," 2007","Yes","Yes","Yes","Yes","Yes","No","No"
"Djibouti"," 2014","Yes","Yes","Yes","Yes","Yes","Yes","Yes"
"Djibouti"," 2012","Yes","Yes","Yes","Yes","Yes","Yes","Yes"
"Djibouti"," 2010","Yes","Yes","Yes","Yes","Yes","Yes","Yes"
"Djibouti"," 2007","Yes","Yes","Yes","Yes","Yes","Yes","Yes"
"Dominica"," 2014","No","No","No","No","No","No","No"
"Dominica"," 2012","No","No","No","No","No","No","No"
"Dominica"," 2010","No","No","No","No","No","No","No"
"Dominica"," 2007","No","No","No","No","No","No","No"
"Dominican Republic"," 2014","No","No","No","No","No","No","No"
"Dominican Republic"," 2012","No","No","No","No","No","No","No"
"Dominican Republic"," 2010","No","No","No","No","No","No","No"
"Dominican Republic"," 2007","No","No","No","No","No","No","No"
"Ecuador"," 2014","Yes","Yes","Yes","Yes","Yes","No","Yes"
"Ecuador"," 2012","Yes","Yes","Yes","Yes","Yes","No","Yes"
"Ecuador"," 2010","No","No","No","No","No","No","No"
"Ecuador"," 2007","No","No","No","No","No","No","No"
"Egypt"," 2014","Yes","Yes","Yes","Yes","Yes","Yes","Yes"
"Egypt"," 2012","Yes","Yes","Yes","Yes","Yes","Yes","Yes"
"Egypt"," 2010","Yes","Yes","Yes","Yes","Yes","Yes","Yes"
"Egypt"," 2007","Yes","Yes","Yes","Yes","Yes","Yes","Yes"
"El Salvador"," 2014","Yes","Yes","Yes","Yes","Yes","No","Yes"
"El Salvador"," 2012","Yes","Yes","Yes","Yes","Yes","No","Yes"
"El Salvador"," 2010","No","No","No","No","No","No","No"
"El Salvador"," 2007","No","No","No","No","No","No","No"
"Equatorial Guinea"," 2014","No","No","No","No","No","No","No"
"Equatorial Guinea"," 2012","No","No","No","No","No","No","No"
"Equatorial Guinea"," 2010","No","No","No","No","No","No","No"
"Equatorial Guinea"," 2007","No","No","No","No","No","No","No"
"Eritrea"," 2014","Yes","Yes","Yes","Yes","Yes","Yes","Yes"
"Eritrea"," 2012","Yes","Yes","Yes","Yes","Yes","Yes","Yes"
"Eritrea"," 2010","Yes","Yes","Yes","Yes","Yes","Yes","Yes"
"Eritrea"," 2007","Yes","Yes","Yes","Yes","Yes","Yes","Yes"
"Estonia"," 2014","Yes","Yes","Yes","No","Yes","No","No"
"Estonia"," 2012","Yes","Yes","Yes","No","Yes","No","No"
"Estonia"," 2010","Yes","Yes","Yes","No","Yes","No","No"
"Estonia"," 2007","Yes","Yes","Yes","No","Yes","No","No"
"Eswatini"," 2014","Yes","Yes","Yes","Yes","Yes","Yes","Yes"
"Eswatini"," 2012","No","No","No","No","No","No","No"
"Eswatini"," 2010","No","No","No","No","No","No","No"
"Eswatini"," 2007","No","No","No","No","No","No","No"
"Ethiopia"," 2014","Yes","Yes","Yes","Yes","Yes","Yes","Yes"
"Ethiopia"," 2012","Yes","Yes","Yes","Yes","Yes","Yes","Yes"
"Ethiopia"," 2010","No","No","No","No","No","No","No"
"Ethiopia"," 2007","No","No","No","No","No","No","No"
"Fiji"," 2014","Yes","No","Yes","No","Yes","No","No"
"Fiji"," 2012","Yes","No","Yes","No","Yes","No","No"
"Fiji"," 2010","Yes","No","Yes","No","Yes","No","No"
"Fiji"," 2007","Yes","No","Yes","No","Yes","No","No"
"Finland"," 2014","Yes","Yes","Yes","No","Yes","Yes","Yes"
"Finland"," 2012","Yes","Yes","Yes","No","Yes","Yes","Yes"
"Finland"," 2010","Yes","Yes","Yes","No","Yes","Yes","Yes"
"Finland"," 2007","Yes","Yes","Yes","No","Yes","Yes","Yes"
"France"," 2014","Yes","No","Yes","No","Yes","No","Yes"
"France"," 2012","Yes","No","Yes","No","Yes","No","Yes"
"France"," 2010","Yes","No","Yes","No","Yes","No","Yes"
"France"," 2007","Yes","No","Yes","No","Yes","No","Yes"
"Gabon"," 2014","Yes","Yes","Yes","Yes","Yes","No","Yes"
"Gabon"," 2012","No","No","No","No","No","No","No"
"Gabon"," 2010","No","No","No","No","No","No","No"
"Gabon"," 2007","No","No","No","No","No","No","No"
"Gambia"," 2014","Yes","Yes","Yes","Yes","Yes","Yes","Yes"
"Gambia"," 2012","Yes","Yes","Yes","Yes","Yes","Yes","Yes"
"Gambia"," 2010","Yes","Yes","Yes","Yes","Yes","Yes","Yes"
"Gambia"," 2007","Yes","Yes","Yes","Yes","Yes","Yes","Yes"
"Georgia"," 2014","Yes","No","No","No","No","No","No"
"Georgia"," 2012","Yes","No","No","No","No","No","No"
"Georgia"," 2010","Yes","No","No","No","No","No","No"
"Georgia"," 2007","Yes","No","No","No","No","No","No"
"Germany"," 2014","Yes","Yes","Yes","Yes","No","No","Yes"
"Germany"," 2012","Yes","Yes","Yes","Yes","No","No","Yes"
"Germany"," 2010","Yes","Yes","Yes","Yes","No","No","Yes"
"Germany"," 2007","Yes","Yes","Yes","Yes","No","No","Yes"
"Ghana"," 2014","Yes","Yes","Yes","Yes","Yes","Yes","Yes"
"Ghana"," 2012","Yes","Yes","Yes","Yes","Yes","Yes","Yes"
"Ghana"," 2010","Yes","Yes","No","No","No","No","No"
"Ghana"," 2007","Yes","Yes","No","No","No","No","No"
"Greece"," 2014","Yes","Yes","Yes","No","Yes","No","Yes"
"Greece"," 2012","Yes","Yes","Yes","No","Yes","No","Yes"
"Greece"," 2010","Yes","Yes","Yes","No","Yes","No","Yes"
"Greece"," 2007","Yes","Yes","Yes","No","No","No","Yes"
"Grenada"," 2014","No","No","No","No","No","No","No"
"Grenada"," 2012","No","No","No","No","No","No","No"
"Grenada"," 2010","No","No","No","No","No","No","No"
"Grenada"," 2007","No","No","No","No","No","No","No"
"Guatemala"," 2014","No","No","No","No","No","No","No"
"Guatemala"," 2012","No","No","No","No","No","No","No"
"Guatemala"," 2010","No","No","No","No","No","No","No"
"Guatemala"," 2007","No","No","No","No","No","No","No"
"Guinea"," 2014","Yes","Yes","Yes","Yes","Yes","Yes","Yes"
"Guinea"," 2012","Yes","Yes","Yes","Yes","Yes","Yes","Yes"
"Guinea"," 2010","Yes","No","Yes","No","Yes","No","No"
"Guinea"," 2007","Yes","No","Yes","No","Yes","No","No"
"Guinea-Bissau"," 2014","No","No","No","No","No","No","No"
"Guinea-Bissau"," 2012","No","No","No","No","No","No","No"
"Guinea-Bissau"," 2010","No","No","No","No","No","No","No"
"Guinea-Bissau"," 2007","No","No","No","No","No","No","No"
"Guyana"," 2014","No","No","No","No","No","No","No"
"Guyana"," 2012","No","No","No","No","No","No","No"
"Guyana"," 2010","No","No","No","No","No","No","No"
"Guyana"," 2007","No","No","No","No","No","No","No"
"Haiti"," 2014","No","No","No","No","No","No","No"
"Haiti"," 2012","No","No","No","No","No","No","No"
"Haiti"," 2010","No","No","No","No","No","No","No"
"Haiti"," 2007","No","No","No","No","No","No","No"
"Honduras"," 2014","Yes","Yes","Yes","Yes","Yes","No","No"
"Honduras"," 2012","Yes","Yes","Yes","Yes","Yes","No","No"
"Honduras"," 2010","Yes","Yes","Yes","Yes","Yes","No","No"
"Honduras"," 2007","No","No","No","No","No","No","No"
"Hungary"," 2014","Yes","Yes","Yes","No","Yes","No","Yes"
"Hungary"," 2012","Yes","Yes","Yes","No","Yes","No","Yes"
"Hungary"," 2010","Yes","Yes","Yes","No","Yes","No","Yes"
"Hungary"," 2007","Yes","Yes","Yes","No","Yes","No","Yes"
"Iceland"," 2014","Yes","Yes","Yes","No","Yes","No","Yes"
"Iceland"," 2012","Yes","Yes","Yes","No","Yes","No","Yes"
"Iceland"," 2010","Yes","Yes","Yes","No","Yes","No","Yes"
"Iceland"," 2007","Yes","Yes","Yes","No","Yes","No","Yes"
"India"," 2014","Yes","Yes","Yes","Yes","Yes","No","Yes"
"India"," 2012","Yes","Yes","Yes","Yes","Yes","No","Yes"
"India"," 2010","Yes","Yes","Yes","Yes","Yes","No","Yes"
"India"," 2007","Yes","Yes","Yes","Yes","Yes","No","Yes"
"Indonesia"," 2014","No","No","No","No","No","No","No"
"Indonesia"," 2012","No","No","No","No","No","No","No"
"Indonesia"," 2010","No","No","No","No","No","No","No"
"Indonesia"," 2007","No","No","No","No","No","No","No"
"Iran (Islamic Republic of)"," 2014","Yes","Yes","Yes","Yes","Yes","Yes","Yes"
"Iran (Islamic Republic of)"," 2012","Yes","Yes","Yes","Yes","Yes","Yes","Yes"
"Iran (Islamic Republic of)"," 2010","Yes","Yes","Yes","Yes","Yes","Yes","Yes"
"Iran (Islamic Republic of)"," 2007","Yes","Yes","Yes","Yes","Yes","Yes","Yes"
"Iraq"," 2014","Yes","Yes","Yes","Yes","Yes","No","No"
"Iraq"," 2012","Yes","Yes","Yes","Yes","Yes","No","No"
"Iraq"," 2010","Yes","No","Yes","No","Yes","No","No"
"Iraq"," 2007","Yes","No","Yes","No","Yes","No","No"
"Ireland"," 2014","Yes","Yes","Yes","No","Yes","Yes","No"
"Ireland"," 2012","Yes","Yes","Yes","No","Yes","Yes","No"
"Ireland"," 2010","Yes","Yes","Yes","No","Yes","Yes","No"
"Ireland"," 2007","Yes","Yes","Yes","No","Yes","Yes","No"
"Israel"," 2014","Yes","No","No","No","No","No","No"
"Israel"," 2012","Yes","No","No","No","No","No","No"
"Israel"," 2010","Yes","No","No","No","No","No","No"
"Israel"," 2007","Yes","No","No","No","No","No","No"
"Italy"," 2014","Yes","Yes","Yes","No","Yes","Yes","Yes"
"Italy"," 2012","Yes","Yes","Yes","No","Yes","Yes","Yes"
"Italy"," 2010","Yes","Yes","Yes","No","Yes","Yes","Yes"
"Italy"," 2007","Yes","Yes","Yes","No","Yes","Yes","Yes"
"Jamaica"," 2014","Yes","No","No","No","No","No","No"
"Jamaica"," 2012","Yes","No","No","No","No","No","No"
"Jamaica"," 2010","Yes","No","No","No","No","No","No"
"Jamaica"," 2007","Yes","No","No","No","No","No","No"
"Japan"," 2014","No","No","No","No","No","No","No"
"Japan"," 2012","No","No","No","No","No","No","No"
"Japan"," 2010","No","No","No","No","No","No","No"
"Japan"," 2007","No","No","No","No","No","No","No"
"Jordan"," 2014","Yes","Yes","Yes","Yes","Yes","Yes","Yes"
"Jordan"," 2012","Yes","Yes","Yes","Yes","Yes","Yes","Yes"
"Jordan"," 2010","Yes","Yes","Yes","Yes","Yes","Yes","Yes"
"Jordan"," 2007","Yes","No","Yes","No","Yes","Yes","No"
"Kazakhstan"," 2014","Yes","Yes","Yes","Yes","Yes","Yes","Yes"
"Kazakhstan"," 2012","Yes","Yes","Yes","Yes","Yes","Yes","Yes"
"Kazakhstan"," 2010","Yes","Yes","Yes","Yes","Yes","Yes","Yes"
"Kazakhstan"," 2007","Yes","Yes","Yes","Yes","Yes","Yes","Yes"
"Kenya"," 2014","Yes","Yes","Yes","Yes","Yes","Yes","Yes"
"Kenya"," 2012","Yes","Yes","Yes","Yes","Yes","Yes","Yes"
"Kenya"," 2010","Yes","Yes","Yes","Yes","Yes","Yes","Yes"
"Kenya"," 2007","Yes","Yes","Yes","Yes","Yes","Yes","Yes"
"Kiribati"," 2014","Yes","No","Yes","No","Yes","Yes","Yes"
"Kiribati"," 2012","No","No","No","No","No","No","No"
"Kiribati"," 2010","No","No","No","No","No","No","No"
"Kiribati"," 2007","No","No","No","No","No","No","No"
"Kuwait"," 2014","Yes","Yes","Yes","Yes","Yes","Yes","Yes"
"Kuwait"," 2012","Yes","Yes","Yes","Yes","Yes","Yes","Yes"
"Kuwait"," 2010","Yes","Yes","Yes","Yes","Yes","Yes","Yes"
"Kuwait"," 2007","Yes","Yes","Yes","Yes","Yes","Yes","Yes"
"Kyrgyzstan"," 2014","Yes","Yes","Yes","Yes","Yes","No","Yes"
"Kyrgyzstan"," 2012","Yes","Yes","Yes","Yes","Yes","No","Yes"
"Kyrgyzstan"," 2010","Yes","Yes","Yes","Yes","Yes","No","Yes"
"Kyrgyzstan"," 2007","No","No","No","No","Yes","No","No"
"Lao People's Democratic Republic"," 2014","Yes","Yes","Yes","Yes","Yes","No","Yes"
"Lao People's Democratic Republic"," 2012","Yes","Yes","Yes","Yes","Yes","No","Yes"
"Lao People's Democratic Republic"," 2010","Yes","Yes","Yes","Yes","Yes","No","Yes"
"Lao People's Democratic Republic"," 2007","Yes","Yes","Yes","Yes","Yes","No","No"
"Latvia"," 2014","Yes","Yes","Yes","No","Yes","Yes","Yes"
"Latvia"," 2012","Yes","Yes","Yes","No","Yes","Yes","Yes"
"Latvia"," 2010","Yes","Yes","Yes","No","Yes","Yes","Yes"
"Latvia"," 2007","Yes","Yes","Yes","No","Yes","No","No"
"Lebanon"," 2014","Yes","Yes","Yes","Yes","Yes","Yes","Yes"
"Lebanon"," 2012","Yes","Yes","Yes","Yes","Yes","Yes","Yes"
"Lebanon"," 2010","No","No","No","No","No","No","No"
"Lebanon"," 2007","No","No","No","No","No","No","No"
"Lesotho"," 2014","No","No","No","No","No","No","No"
"Lesotho"," 2012","No","No","No","No","No","No","No"
"Lesotho"," 2010","No","No","No","No","No","No","No"
"Lesotho"," 2007","No","No","No","No","No","No","No"
"Liberia"," 2014","No","No","No","No","No","No","No"
"Liberia"," 2012","No","No","No","No","No","No","No"
"Liberia"," 2010","No","No","No","No","No","No","No"
"Liberia"," 2007","No","No","No","No","No","No","No"
"Libya"," 2014","Yes","Yes","Yes","Yes","Yes","Yes","Yes"
"Libya"," 2012","Yes","Yes","Yes","Yes","Yes","Yes","Yes"
"Libya"," 2010","Yes","Yes","Yes","Yes","Yes","Yes","Yes"
"Libya"," 2007","Yes","Yes","Yes","Yes","Yes","No","No"
"Lithuania"," 2014","Yes","Yes","Yes","No","Yes","No","Yes"
"Lithuania"," 2012","Yes","Yes","Yes","No","Yes","No","Yes"
"Lithuania"," 2010","Yes","Yes","Yes","No","Yes","No","Yes"
"Lithuania"," 2007","Yes","Yes","Yes","No","Yes","No","Yes"
"Luxembourg"," 2014","Yes","Yes","Yes","No","No","No","Yes"
"Luxembourg"," 2012","Yes","Yes","Yes","No","No","No","Yes"
"Luxembourg"," 2010","Yes","Yes","Yes","No","No","No","Yes"
"Luxembourg"," 2007","Yes","Yes","Yes","No","No","No","Yes"
"Madagascar"," 2014","Yes","Yes","Yes","Yes","Yes","Yes","Yes"
"Madagascar"," 2012","Yes","Yes","Yes","Yes","Yes","Yes","Yes"
"Madagascar"," 2010","Yes","Yes","Yes","Yes","Yes","Yes","Yes"
"Madagascar"," 2007","Yes","Yes","Yes","Yes","Yes","Yes","Yes"
"Malawi"," 2014","No","No","No","No","No","No","No"
"Malawi"," 2012","No","No","No","No","No","No","No"
"Malawi"," 2010","No","No","No","No","No","No","No"
"Malawi"," 2007","No","No","No","No","No","No","No"
"Malaysia"," 2014","Yes","Yes","Yes","Yes","Yes","Yes","Yes"
"Malaysia"," 2012","Yes","Yes","Yes","Yes","Yes","Yes","Yes"
"Malaysia"," 2010","Yes","Yes","Yes","Yes","Yes","Yes","Yes"
"Malaysia"," 2007","Yes","Yes","Yes","Yes","Yes","Yes","Yes"
"Maldives"," 2014","Yes","Yes","Yes","Yes","Yes","Yes","Yes"
"Maldives"," 2012","Yes","Yes","Yes","Yes","Yes","Yes","Yes"
"Maldives"," 2010","Yes","Yes","Yes","Yes","Yes","Yes","Yes"
"Maldives"," 2007","Yes","No","Yes","No","Yes","Yes","No"
"Mali"," 2014","Yes","Yes","Yes","Yes","Yes","No","Yes"
"Mali"," 2012","Yes","Yes","Yes","Yes","Yes","No","Yes"
"Mali"," 2010","Yes","Yes","Yes","Yes","Yes","Yes","Yes"
"Mali"," 2007","Yes","Yes","No","No","No","No","No"
"Malta"," 2014","Yes","Yes","Yes","No","Yes","Yes","Yes"
"Malta"," 2012","Yes","Yes","Yes","No","Yes","Yes","Yes"
"Malta"," 2010","Yes","Yes","Yes","No","Yes","Yes","Yes"
"Malta"," 2007","Yes","Yes","Yes","No","Yes","No","Yes"
"Marshall Islands"," 2014","No","No","No","No","Yes","No","No"
"Marshall Islands"," 2012","No","No","No","No","Yes","No","No"
"Marshall Islands"," 2010","No","No","No","No","Yes","No","No"
"Marshall Islands"," 2007","No","No","No","No","Yes","No","No"
"Mauritania"," 2014","No","No","No","No","No","No","No"
"Mauritania"," 2012","No","No","No","No","No","No","No"
"Mauritania"," 2010","No","No","No","No","No","No","No"
"Mauritania"," 2007","No","No","No","No","No","No","No"
"Mauritius"," 2014","Yes","Yes","Yes","Yes","Yes","Yes","Yes"
"Mauritius"," 2012","Yes","Yes","Yes","Yes","Yes","Yes","Yes"
"Mauritius"," 2010","Yes","Yes","Yes","Yes","Yes","Yes","Yes"
"Mauritius"," 2007","Yes","No","Yes","No","Yes","Yes","No"
"Mexico"," 2014","Yes","Yes","No","No","Yes","No","No"
"Mexico"," 2012","Yes","Yes","No","No","Yes","No","No"
"Mexico"," 2010","Yes","Yes","No","No","Yes","No","No"
"Mexico"," 2007","Yes","No","No","No","No","No","No"
"Micronesia (Federated States of)"," 2014","No","No","No","No","No","No","No"
"Micronesia (Federated States of)"," 2012","No","No","No","No","No","No","No"
"Micronesia (Federated States of)"," 2010","No","No","No","No","No","No","No"
"Micronesia (Federated States of)"," 2007","No","No","No","No","No","No","No"
"Monaco"," 2014","No","No","No","No","No","No","No"
"Monaco"," 2012","No","No","No","No","No","No","No"
"Monaco"," 2010","No","No","No","No","No","No","No"
"Monaco"," 2007","No","No","No","No","No","No","No"
"Mongolia"," 2014","Yes","Yes","Yes","Yes","Yes","Yes","Yes"
"Mongolia"," 2012","Yes","Yes","Yes","Yes","Yes","Yes","Yes"
"Mongolia"," 2010","Yes","Yes","Yes","Yes","Yes","Yes","Yes"
"Mongolia"," 2007","Yes","Yes","Yes","Yes","Yes","Yes","Yes"
"Montenegro"," 2014","Yes","Yes","Yes","Yes","Yes","No","Yes"
"Montenegro"," 2012","Yes","Yes","Yes","Yes","Yes","No","Yes"
"Montenegro"," 2010","Yes","Yes","Yes","Yes","Yes","No","No"
"Montenegro"," 2007","Yes","Yes","Yes","Yes","Yes","No","No"
"Morocco"," 2014","Yes","Yes","Yes","No","No","No","No"
"Morocco"," 2012","Yes","Yes","Yes","No","No","No","No"
"Morocco"," 2010","Yes","Yes","Yes","No","No","No","No"
"Morocco"," 2007","Yes","Yes","Yes","No","No","No","No"
"Mozambique"," 2014","Yes","Yes","Yes","Yes","Yes","No","No"
"Mozambique"," 2012","Yes","Yes","Yes","Yes","Yes","No","No"
"Mozambique"," 2010","Yes","Yes","Yes","Yes","Yes","No","No"
"Mozambique"," 2007","Yes","Yes","Yes","Yes","Yes","No","No"
"Myanmar"," 2014","Yes","Yes","Yes","Yes","Yes","No","Yes"
"Myanmar"," 2012","Yes","Yes","Yes","Yes","Yes","No","Yes"
"Myanmar"," 2010","Yes","Yes","Yes","Yes","Yes","No","Yes"
"Myanmar"," 2007","Yes","Yes","Yes","Yes","Yes","No","Yes"
"Namibia"," 2014","Yes","Yes","Yes","Yes","Yes","Yes","Yes"
"Namibia"," 2012","Yes","Yes","Yes","Yes","Yes","Yes","Yes"
"Namibia"," 2010","Yes","Yes","Yes","Yes","Yes","Yes","Yes"
"Namibia"," 2007","No","No","No","No","No","No","No"
"Nauru"," 2014","Yes","No","Yes","No","Yes","No","Yes"
"Nauru"," 2012","Yes","No","Yes","No","Yes","No","Yes"
"Nauru"," 2010","Yes","No","Yes","No","Yes","No","Yes"
"Nauru"," 2007","No","No","No","No","No","No","No"
"Nepal"," 2014","Yes","Yes","Yes","Yes","Yes","Yes","Yes"
"Nepal"," 2012","Yes","Yes","Yes","Yes","Yes","Yes","Yes"
"Nepal"," 2010","Yes","Yes","Yes","Yes","Yes","Yes","Yes"
"Nepal"," 2007","Yes","No","No","No","No","No","No"
"Netherlands"," 2014","Yes","No","Yes","No","Yes","No","Yes"
"Netherlands"," 2012","Yes","No","Yes","No","Yes","No","Yes"
"Netherlands"," 2010","Yes","No","Yes","No","Yes","No","Yes"
"Netherlands"," 2007","Yes","No","Yes","No","Yes","No","Yes"
"New Zealand"," 2014","Yes","No","Yes","No","Yes","Yes","Yes"
"New Zealand"," 2012","Yes","No","Yes","No","Yes","Yes","Yes"
"New Zealand"," 2010","Yes","No","Yes","No","Yes","Yes","Yes"
"New Zealand"," 2007","Yes","No","Yes","No","Yes","Yes","Yes"
"Nicaragua"," 2014","Yes","Yes","No","No","Yes","No","No"
"Nicaragua"," 2012","Yes","Yes","No","No","Yes","No","No"
"Nicaragua"," 2010","Yes","Yes","No","No","Yes","No","No"
"Nicaragua"," 2007","No","No","No","No","No","No","No"
"Niger"," 2014","Yes","Yes","Yes","Yes","Yes","Yes","Yes"
"Niger"," 2012","Yes","Yes","Yes","Yes","Yes","Yes","Yes"
"Niger"," 2010","Yes","Yes","Yes","Yes","Yes","Yes","Yes"
"Niger"," 2007","Yes","Yes","Yes","Yes","Yes","Yes","Yes"
"Nigeria"," 2014","No","No","No","No","No","No","No"
"Nigeria"," 2012","No","No","No","No","No","No","No"
"Nigeria"," 2010","No","No","No","No","No","No","No"
"Nigeria"," 2007","No","No","No","No","No","No","No"
"Niue"," 2014","No","No","No","No","No","No","No"
"Niue"," 2012","No","No","No","No","No","No","No"
"Niue"," 2010","No","No","No","No","No","No","No"
"Niue"," 2007","No","No","No","No","No","No","No"
"Norway"," 2014","Yes","No","Yes","No","Yes","Yes","Yes"
"Norway"," 2012","Yes","No","Yes","No","Yes","Yes","Yes"
"Norway"," 2010","Yes","No","Yes","No","Yes","Yes","Yes"
"Norway"," 2007","Yes","No","Yes","No","Yes","Yes","Yes"
"Oman"," 2014","No","No","No","No","No","No","No"
"Oman"," 2012","No","No","No","No","No","No","No"
"Oman"," 2010","No","No","No","No","No","No","No"
"Oman"," 2007","No","No","No","No","No","No","No"
"Pakistan"," 2014","Yes","Yes","Yes","Yes","Yes","No","No"
"Pakistan"," 2012","No","No","No","No","No","No","No"
"Pakistan"," 2010","No","No","No","No","No","No","No"
"Pakistan"," 2007","No","No","No","No","No","No","No"
"Palau"," 2014","Yes","No","Yes","Yes","Yes","Yes","Yes"
"Palau"," 2012","Yes","No","Yes","Yes","Yes","Yes","Yes"
"Palau"," 2010","No","No","No","No","No","No","No"
"Palau"," 2007","No","No","No","No","No","No","No"
"Panama"," 2014","Yes","Yes","Yes","Yes","Yes","Yes","Yes"
"Panama"," 2012","Yes","Yes","Yes","Yes","Yes","Yes","Yes"
"Panama"," 2010","Yes","Yes","Yes","Yes","Yes","Yes","Yes"
"Panama"," 2007","No","No","No","No","No","No","No"
"Papua New Guinea"," 2014","Yes","Yes","Yes","Yes","Yes","No","No"
"Papua New Guinea"," 2012","Yes","Yes","Yes","Yes","Yes","No","No"
"Papua New Guinea"," 2010","Yes","Yes","Yes","Yes","Yes","No","No"
"Papua New Guinea"," 2007","Yes","Yes","Yes","Yes","Yes","No","No"
"Paraguay"," 2014","No","No","No","No","No","No","No"
"Paraguay"," 2012","No","No","No","No","No","No","No"
"Paraguay"," 2010","No","No","No","No","No","No","No"
"Paraguay"," 2007","No","No","No","No","No","No","No"
"Peru"," 2014","Yes","Yes","No","No","No","No","Yes"
"Peru"," 2012","Yes","Yes","No","No","No","No","Yes"
"Peru"," 2010","Yes","Yes","No","No","No","No","Yes"
"Peru"," 2007","Yes","Yes","No","No","No","No","Yes"
"Philippines"," 2014","Yes","Yes","Yes","Yes","Yes","No","Yes"
"Philippines"," 2012","Yes","Yes","Yes","Yes","Yes","No","Yes"
"Philippines"," 2010","Yes","Yes","Yes","Yes","Yes","No","Yes"
"Philippines"," 2007","Yes","Yes","No","No","Yes","No","Yes"
"Poland"," 2014","Yes","Yes","Yes","Yes","Yes","Yes","Yes"
"Poland"," 2012","Yes","Yes","Yes","Yes","Yes","Yes","Yes"
"Poland"," 2010","Yes","Yes","Yes","Yes","Yes","Yes","Yes"
"Poland"," 2007","Yes","Yes","Yes","Yes","Yes","Yes","Yes"
"Portugal"," 2014","Yes","No","Yes","No","Yes","Yes","Yes"
"Portugal"," 2012","Yes","No","Yes","No","Yes","Yes","Yes"
"Portugal"," 2010","Yes","No","Yes","No","Yes","Yes","Yes"
"Portugal"," 2007","Yes","No","Yes","No","Yes","Yes","Yes"
"Qatar"," 2014","Yes","Yes","Yes","Yes","Yes","Yes","Yes"
"Qatar"," 2012","Yes","Yes","Yes","Yes","Yes","Yes","Yes"
"Qatar"," 2010","Yes","Yes","Yes","Yes","Yes","Yes","Yes"
"Qatar"," 2007","Yes","Yes","Yes","Yes","Yes","Yes","Yes"
"Republic of Korea"," 2014","Yes","Yes","No","No","Yes","No","Yes"
"Republic of Korea"," 2012","Yes","Yes","No","No","Yes","No","Yes"
"Republic of Korea"," 2010","Yes","Yes","No","No","Yes","No","Yes"
"Republic of Korea"," 2007","Yes","Yes","No","No","Yes","No","Yes"
"Republic of Moldova"," 2014","Yes","Yes","Yes","Yes","Yes","No","No"
"Republic of Moldova"," 2012","Yes","Yes","Yes","Yes","Yes","No","No"
"Republic of Moldova"," 2010","Yes","Yes","Yes","Yes","Yes","No","No"
"Republic of Moldova"," 2007","Yes","Yes","Yes","Yes","Yes","No","No"
"Romania"," 2014","Yes","Yes","Yes","No","Yes","No","Yes"
"Romania"," 2012","Yes","Yes","Yes","No","Yes","No","Yes"
"Romania"," 2010","Yes","Yes","Yes","No","Yes","No","Yes"
"Romania"," 2007","Yes","No","Yes","No","Yes","No","Yes"
"Russian Federation"," 2014","Yes","Yes","Yes","Yes","Yes","Yes","Yes"
"Russian Federation"," 2012","Yes","Yes","No","No","No","No","No"
"Russian Federation"," 2010","Yes","Yes","No","No","No","No","No"
"Russian Federation"," 2007","Yes","Yes","No","No","No","No","No"
"Rwanda"," 2014","No","No","No","No","No","No","No"
"Rwanda"," 2012","No","No","No","No","No","No","No"
"Rwanda"," 2010","No","No","No","No","No","No","No"
"Rwanda"," 2007","No","No","No","No","No","No","No"
"Saint Kitts and Nevis"," 2014","No","No","No","No","No","No","No"
"Saint Kitts and Nevis"," 2012","No","No","No","No","No","No","No"
"Saint Kitts and Nevis"," 2010","No","No","No","No","No","No","No"
"Saint Kitts and Nevis"," 2007","No","No","No","No","No","No","No"
"Saint Lucia"," 2014","No","No","No","No","No","No","No"
"Saint Lucia"," 2012","No","No","No","No","No","No","No"
"Saint Lucia"," 2010","No","No","No","No","No","No","No"
"Saint Lucia"," 2007","No","No","No","No","No","No","No"
"Saint Vincent and the Grenadines"," 2014","No","No","No","No","No","No","No"
"Saint Vincent and the Grenadines"," 2012","No","No","No","No","No","No","No"
"Saint Vincent and the Grenadines"," 2010","No","No","No","No","No","No","No"
"Saint Vincent and the Grenadines"," 2007","No","No","No","No","No","No","No"
"Samoa"," 2014","Yes","No","Yes","No","Yes","Yes","Yes"
"Samoa"," 2012","Yes","No","Yes","No","Yes","Yes","Yes"
"Samoa"," 2010","Yes","No","Yes","No","Yes","Yes","Yes"
"Samoa"," 2007","No","No","No","No","No","No","No"
"San Marino"," 2014","Yes","Yes","Yes","Yes","Yes","No","No"
"San Marino"," 2012","Yes","Yes","Yes","Yes","Yes","No","No"
"San Marino"," 2010","Yes","Yes","Yes","Yes","Yes","No","No"
"San Marino"," 2007","No","No","No","No","No","No","No"
"Sao Tome and Principe"," 2014","Yes","No","No","No","No","No","No"
"Sao Tome and Principe"," 2012","No","No","No","No","No","No","No"
"Sao Tome and Principe"," 2010","No","No","No","No","No","No","No"
"Sao Tome and Principe"," 2007","No","No","No","No","No","No","No"
"Saudi Arabia"," 2014","No","No","Yes","Yes","No","Yes","No"
"Saudi Arabia"," 2012","No","No","Yes","Yes","No","Yes","No"
"Saudi Arabia"," 2010","No","No","Yes","Yes","No","No","No"
"Saudi Arabia"," 2007","No","No","Yes","Yes","No","No","No"
"Senegal"," 2014","Yes","Yes","Yes","Yes","Yes","No","Yes"
"Senegal"," 2012","No","No","No","No","No","No","No"
"Senegal"," 2010","No","No","No","No","No","No","No"
"Senegal"," 2007","No","No","No","No","No","No","No"
"Serbia"," 2014","Yes","Yes","Yes","Yes","Yes","No","Yes"
"Serbia"," 2012","Yes","Yes","Yes","Yes","Yes","No","Yes"
"Serbia"," 2010","Yes","Yes","Yes","Yes","Yes","No","Yes"
"Serbia"," 2007","Yes","Yes","Yes","Yes","Yes","No","Yes"
"Seychelles"," 2014","Yes","Yes","Yes","Yes","Yes","Yes","Yes"
"Seychelles"," 2012","Yes","Yes","Yes","Yes","Yes","Yes","Yes"
"Seychelles"," 2010","Yes","Yes","Yes","Yes","Yes","Yes","Yes"
"Seychelles"," 2007","No","No","No","No","No","No","No"
"Sierra Leone"," 2014","No","No","No","No","No","No","No"
"Sierra Leone"," 2012","No","No","No","No","No","No","No"
"Sierra Leone"," 2010","No","No","No","No","No","No","No"
"Sierra Leone"," 2007","No","No","No","No","No","No","No"
"Singapore"," 2014","Yes","Yes","Yes","Yes","Yes","Yes","Yes"
"Singapore"," 2012","Yes","Yes","Yes","Yes","Yes","Yes","Yes"
"Singapore"," 2010","Yes","Yes","Yes","Yes","Yes","Yes","Yes"
"Singapore"," 2007","Yes","Yes","Yes","Yes","Yes","Yes","Yes"
"Slovakia"," 2014","Yes","Yes","Yes","Yes","Yes","No","Yes"
"Slovakia"," 2012","Yes","Yes","Yes","Yes","Yes","No","Yes"
"Slovakia"," 2010","Yes","Yes","Yes","Yes","Yes","No","Yes"
"Slovakia"," 2007","Yes","Yes","Yes","Yes","Yes","No","Yes"
"Slovenia"," 2014","Yes","Yes","Yes","Yes","Yes","No","Yes"
"Slovenia"," 2012","Yes","Yes","Yes","Yes","Yes","No","Yes"
"Slovenia"," 2010","Yes","Yes","Yes","Yes","Yes","No","Yes"
"Slovenia"," 2007","Yes","Yes","Yes","Yes","Yes","No","Yes"
"Solomon Islands"," 2014","Yes","No","Yes","No","Yes","No","Yes"
"Solomon Islands"," 2012","Yes","No","Yes","No","Yes","No","Yes"
"Solomon Islands"," 2010","Yes","No","Yes","No","Yes","No","Yes"
"Solomon Islands"," 2007","No","No","No","No","No","No","No"
"Somalia"," 2014","No","No","No","No","No","No","No"
"Somalia"," 2012","No","No","No","No","No","No","No"
"Somalia"," 2010","No","No","No","No","No","No","No"
"Somalia"," 2007","No","No","No","No","No","No","No"
"South Africa"," 2014","Yes","No","Yes","No","Yes","No","Yes"
"South Africa"," 2012","Yes","No","Yes","No","Yes","No","Yes"
"South Africa"," 2010","Yes","No","Yes","No","Yes","No","Yes"
"South Africa"," 2007","Yes","No","Yes","No","Yes","No","No"
"South Sudan"," 2014","No","No","No","No","No","No","No"
"South Sudan"," 2012","No","No","No","No","No","No","No"
"South Sudan"," 2010","Not applicable","Not applicable","Not applicable","Not applicable","Not applicable","Not applicable","Not applicable"
"South Sudan"," 2007","Not applicable","Not applicable","Not applicable","Not applicable","Not applicable","Not applicable","Not applicable"
"Spain"," 2014","Yes","Yes","Yes","No","Yes","Yes","Yes"
"Spain"," 2012","Yes","Yes","Yes","No","Yes","Yes","Yes"
"Spain"," 2010","Yes","Yes","Yes","No","Yes","Yes","Yes"
"Spain"," 2007","Yes","Yes","Yes","No","Yes","Yes","Yes"
"Sri Lanka"," 2014","Yes","No","Yes","No","Yes","Yes","Yes"
"Sri Lanka"," 2012","Yes","No","Yes","No","Yes","Yes","Yes"
"Sri Lanka"," 2010","Yes","No","Yes","No","Yes","Yes","Yes"
"Sri Lanka"," 2007","Yes","No","Yes","No","Yes","Yes","Yes"
"Sudan"," 2014","Yes","Yes","Yes","Yes","Yes","Yes","Yes"
"Sudan"," 2012","Yes","Yes","Yes","Yes","Yes","Yes","Yes"
"Sudan"," 2010","Yes","Yes","Yes","Yes","Yes","Yes","Yes"
"Sudan"," 2007","Yes","Yes","Yes","Yes","Yes","Yes","Yes"
"Suriname"," 2014","Yes","Yes","Yes","Yes","Yes","Yes","Yes"
"Suriname"," 2012","No","No","No","No","No","No","No"
"Suriname"," 2010","No","No","No","No","No","No","No"
"Suriname"," 2007","No","No","No","No","No","No","No"
"Sweden"," 2014","Yes","Yes","Yes","Yes","Yes","No","Yes"
"Sweden"," 2012","Yes","Yes","Yes","Yes","Yes","No","Yes"
"Sweden"," 2010","Yes","Yes","Yes","Yes","Yes","No","Yes"
"Sweden"," 2007","Yes","Yes","Yes","Yes","Yes","No","No"
"Switzerland"," 2014","Yes","Yes","No","No","No","No","No"
"Switzerland"," 2012","Yes","Yes","No","No","No","No","No"
"Switzerland"," 2010","Yes","Yes","No","No","No","No","No"
"Switzerland"," 2007","Yes","Yes","No","No","No","No","No"
"Syrian Arab Republic"," 2014","Yes","Yes","Yes","Yes","Yes","Yes","Yes"
"Syrian Arab Republic"," 2012","Yes","Yes","Yes","Yes","Yes","Yes","Yes"
"Syrian Arab Republic"," 2010","Yes","Yes","Yes","Yes","Yes","Yes","Yes"
"Syrian Arab Republic"," 2007","Yes","Yes","Yes","Yes","Yes","Yes","Yes"
"Tajikistan"," 2014","Yes","Yes","Yes","Yes","Yes","No","No"
"Tajikistan"," 2012","Yes","Yes","Yes","Yes","Yes","No","No"
"Tajikistan"," 2010","Yes","Yes","Yes","Yes","Yes","No","No"
"Tajikistan"," 2007","Yes","Yes","Yes","Yes","Yes","No","No"
"Thailand"," 2014","Yes","No","Yes","No","Yes","Yes","Yes"
"Thailand"," 2012","Yes","No","Yes","No","Yes","Yes","Yes"
"Thailand"," 2010","Yes","No","Yes","No","Yes","Yes","Yes"
"Thailand"," 2007","Yes","No","Yes","No","Yes","Yes","Yes"
"Republic of North Macedonia"," 2014","Yes","Yes","Yes","Yes","Yes","Yes","Yes"
"Republic of North Macedonia"," 2012","Yes","Yes","Yes","Yes","Yes","Yes","Yes"
"Republic of North Macedonia"," 2010","Yes","Yes","Yes","Yes","Yes","Yes","Yes"
"Republic of North Macedonia"," 2007","Yes","Yes","Yes","Yes","Yes","Yes","Yes"
"Timor-Leste"," 2014","No","No","No","No","No","No","No"
"Timor-Leste"," 2012","No","No","No","No","No","No","No"
"Timor-Leste"," 2010","No","No","No","No","No","No","No"
"Timor-Leste"," 2007","No","No","No","No","No","No","No"
"Togo"," 2014","Yes","Yes","Yes","Yes","Yes","Yes","Yes"
"Togo"," 2012","Yes","Yes","Yes","Yes","Yes","Yes","Yes"
"Togo"," 2010","No","No","No","No","No","No","No"
"Togo"," 2007","No","No","No","No","No","No","No"
"Tonga"," 2014","Yes","No","Yes","No","Yes","Yes","No"
"Tonga"," 2012","Yes","No","Yes","No","Yes","Yes","No"
"Tonga"," 2010","Yes","No","Yes","No","Yes","Yes","No"
"Tonga"," 2007","Yes","No","Yes","No","Yes","Yes","No"
"Trinidad and Tobago"," 2014","Yes","Yes","No","No","Yes","No","No"
"Trinidad and Tobago"," 2012","Yes","Yes","No","No","Yes","No","No"
"Trinidad and Tobago"," 2010","Yes","Yes","No","No","Yes","No","No"
"Trinidad and Tobago"," 2007","No","No","No","No","No","No","No"
"Tunisia"," 2014","Yes","Yes","Yes","Yes","Yes","No","No"
"Tunisia"," 2012","Yes","Yes","Yes","Yes","Yes","No","No"
"Tunisia"," 2010","Yes","Yes","Yes","Yes","Yes","No","No"
"Tunisia"," 2007","Yes","Yes","Yes","Yes","Yes","No","No"
"Turkey"," 2014","Yes","Yes","Yes","Yes","Yes","Yes","Yes"
"Turkey"," 2012","Yes","Yes","Yes","Yes","Yes","Yes","Yes"
"Turkey"," 2010","Yes","Yes","Yes","Yes","Yes","Yes","Yes"
"Turkey"," 2007","No","No","No","No","No","No","No"
"Turkmenistan"," 2014","Yes","Yes","Yes","Yes","No","Yes","Yes"
"Turkmenistan"," 2012","No","No","No","No","No","No","No"
"Turkmenistan"," 2010","No","No","No","No","No","No","No"
"Turkmenistan"," 2007","No","No","No","No","No","No","No"
"Tuvalu"," 2014","Yes","No","Yes","No","Yes","Yes","Yes"
"Tuvalu"," 2012","Yes","No","Yes","No","Yes","Yes","Yes"
"Tuvalu"," 2010","Yes","No","Yes","No","Yes","Yes","Yes"
"Tuvalu"," 2007","No","No","No","No","No","No","No"
"Uganda"," 2014","No","No","No","No","No","No","No"
"Uganda"," 2012","No","No","No","No","No","No","No"
"Uganda"," 2010","No","No","No","No","No","No","No"
"Uganda"," 2007","No","No","No","No","No","No","No"
"Ukraine"," 2014","Yes","Yes","Yes","Yes","Yes","Yes","No"
"Ukraine"," 2012","Yes","Yes","Yes","Yes","Yes","Yes","No"
"Ukraine"," 2010","Yes","No","Yes","No","Yes","No","No"
"Ukraine"," 2007","Yes","No","No","No","No","No","No"
"United Arab Emirates"," 2014","Yes","Yes","Yes","Yes","Yes","Yes","Yes"
"United Arab Emirates"," 2012","Yes","Yes","Yes","Yes","Yes","Yes","No"
"United Arab Emirates"," 2010","Yes","Yes","Yes","Yes","Yes","Yes","No"
"United Arab Emirates"," 2007","Yes","No","Yes","No","Yes","Yes","No"
"United Kingdom of Great Britain and Northern Ireland"," 2014","Yes","Yes","Yes","No","Yes","No","Yes"
"United Kingdom of Great Britain and Northern Ireland"," 2012","Yes","Yes","Yes","No","Yes","No","Yes"
"United Kingdom of Great Britain and Northern Ireland"," 2010","Yes","Yes","Yes","No","Yes","No","Yes"
"United Kingdom of Great Britain and Northern Ireland"," 2007","Yes","No","Yes","No","Yes","No","Yes"
"United Republic of Tanzania"," 2014","Yes","Yes","Yes","Yes","Yes","No","Yes"
"United Republic of Tanzania"," 2012","Yes","Yes","Yes","Yes","Yes","No","Yes"
"United Republic of Tanzania"," 2010","Yes","Yes","Yes","Yes","Yes","No","Yes"
"United Republic of Tanzania"," 2007","Yes","Yes","Yes","Yes","Yes","No","Yes"
"United States of America"," 2014","Yes","No","No","No","No","No","No"
"United States of America"," 2012","Yes","No","No","No","No","No","No"
"United States of America"," 2010","Yes","No","No","No","No","No","No"
"United States of America"," 2007","Yes","No","No","No","No","No","No"
"Uruguay"," 2014","Yes","Yes","Yes","Yes","Yes","Yes","Yes"
"Uruguay"," 2012","Yes","Yes","Yes","Yes","Yes","No","Yes"
"Uruguay"," 2010","Yes","Yes","Yes","Yes","Yes","No","Yes"
"Uruguay"," 2007","No","No","No","No","No","No","No"
"Uzbekistan"," 2014","Yes","No","Yes","No","Yes","Yes","No"
"Uzbekistan"," 2012","Yes","No","Yes","No","Yes","Yes","No"
"Uzbekistan"," 2010","No","No","No","No","Yes","No","No"
"Uzbekistan"," 2007","No","No","No","No","Yes","No","No"
"Vanuatu"," 2014","Yes","No","Yes","No","Yes","Yes","Yes"
"Vanuatu"," 2012","Yes","No","Yes","No","Yes","Yes","Yes"
"Vanuatu"," 2010","Yes","No","Yes","No","Yes","Yes","Yes"
"Vanuatu"," 2007","No","No","No","No","Yes","No","No"
"Venezuela (Bolivarian Republic of)"," 2014","Yes","Yes","No","No","Yes","No","No"
"Venezuela (Bolivarian Republic of)"," 2012","Yes","Yes","No","No","Yes","No","No"
"Venezuela (Bolivarian Republic of)"," 2010","Yes","Yes","No","No","Yes","No","No"
"Venezuela (Bolivarian Republic of)"," 2007","Yes","Yes","No","No","Yes","No","No"
"Viet Nam"," 2014","Yes","Yes","Yes","Yes","Yes","Yes","Yes"
"Viet Nam"," 2012","Yes","Yes","Yes","Yes","Yes","Yes","Yes"
"Viet Nam"," 2010","Yes","No","Yes","No","Yes","Yes","Yes"
"Viet Nam"," 2007","Yes","No","Yes","No","Yes","Yes","Yes"
"Yemen"," 2014","Yes","Yes","Yes","Yes","Yes","Yes","Yes"
"Yemen"," 2012","Yes","Yes","Yes","Yes","Yes","Yes","Yes"
"Yemen"," 2010","Yes","Yes","Yes","Yes","Yes","Yes","Yes"
"Yemen"," 2007","Yes","Yes","Yes","Yes","Yes","Yes","Yes"
"Zambia"," 2014","No","No","No","No","No","No","No"
"Zambia"," 2012","No","No","No","No","No","No","No"
"Zambia"," 2010","No","No","No","No","No","No","No"
"Zambia"," 2007","No","No","No","No","No","No","No"
"Zimbabwe"," 2014","No","No","No","No","No","No","No"
"Zimbabwe"," 2012","No","No","No","No","No","No","No"
"Zimbabwe"," 2010","No","No","No","No","No","No","No"
"Zimbabwe"," 2007","No","No","No","No","No","No","No"
